id_lectura,fecha,sede,ciudad,categoria,consumo_kwh,temperatura_c,mes,mes_nombre,dia_semana,es_fin_de_semana,costo_usd
7,2026-01-01,Planta Industrial,Cali,Climatizacion,31.51,14.4,1,Enero,Jueves,False,3.78
9,2026-01-01,Planta Industrial,Cali,Equipamentos,20.65442159383033,12.8,1,Enero,Jueves,False,2.48
8,2026-01-01,Planta Industrial,Cali,Iluminacion,14.62,13.5,1,Enero,Jueves,False,1.75
1,2026-01-01,Sede Norte,Bogota,Climatizacion,24.06,11.0,1,Enero,Jueves,False,2.89
3,2026-01-01,Sede Norte,Bogota,Equipamentos,13.36,12.1,1,Enero,Jueves,False,1.6
2,2026-01-01,Sede Norte,Bogota,Iluminacion,8.56,12.9,1,Enero,Jueves,False,1.03
4,2026-01-01,Sede Sur,Medellin,Climatizacion,20.1,12.6,1,Enero,Jueves,False,2.41
6,2026-01-01,Sede Sur,Medellin,Equipamentos,11.25,13.1,1,Enero,Jueves,False,1.35
5,2026-01-01,Sede Sur,Medellin,Iluminacion,6.88,10.9,1,Enero,Jueves,False,0.83
18,2026-01-02,Planta Industrial,Cali,Equipamentos,18.99,13.0,1,Enero,Viernes,False,2.28
17,2026-01-02,Planta Industrial,Cali,Iluminacion,13.89,12.8,1,Enero,Viernes,False,1.67
10,2026-01-02,Sede Norte,Bogota,Climatizacion,20.39,13.3,1,Enero,Viernes,False,2.45
12,2026-01-02,Sede Norte,Bogota,Equipamentos,13.18,13.5,1,Enero,Viernes,False,1.58
13,2026-01-02,Sede Sur,Medellin,Climatizacion,18.7,11.3,1,Enero,Viernes,False,2.24
15,2026-01-02,Sede Sur,Medellin,Equipamentos,11.39,12.0,1,Enero,Viernes,False,1.37
14,2026-01-02,Sede Sur,Medellin,Iluminacion,7.18,10.7,1,Enero,Viernes,False,0.86
25,2026-01-03,Planta Industrial,Cali,Climatizacion,28.95,14.7,1,Enero,Sábado,True,3.47
27,2026-01-03,Planta Industrial,Cali,Equipamentos,17.96,14.8,1,Enero,Sábado,True,2.16
26,2026-01-03,Planta Industrial,Cali,Iluminacion,11.4,13.1,1,Enero,Sábado,True,1.37
19,2026-01-03,Sede Norte,Bogota,Climatizacion,13.65,13.2,1,Enero,Sábado,True,1.64
21,2026-01-03,Sede Norte,Bogota,Equipamentos,8.68,13.6,1,Enero,Sábado,True,1.04
20,2026-01-03,Sede Norte,Bogota,Iluminacion,5.06,12.6,1,Enero,Sábado,True,0.61
22,2026-01-03,Sede Sur,Medellin,Climatizacion,11.02,11.0,1,Enero,Sábado,True,1.32
24,2026-01-03,Sede Sur,Medellin,Equipamentos,6.73,13.5,1,Enero,Sábado,True,0.81
23,2026-01-03,Sede Sur,Medellin,Iluminacion,4.75,12.8,1,Enero,Sábado,True,0.57
34,2026-01-04,Planta Industrial,Cali,Climatizacion,29.56,13.7,1,Enero,Domingo,True,3.55
36,2026-01-04,Planta Industrial,Cali,Equipamentos,15.22,13.7,1,Enero,Domingo,True,1.83
35,2026-01-04,Planta Industrial,Cali,Iluminacion,10.96,13.8,1,Enero,Domingo,True,1.32
30,2026-01-04,Sede Norte,Bogota,Equipamentos,7.96,13.1,1,Enero,Domingo,True,0.96
29,2026-01-04,Sede Norte,Bogota,Iluminacion,5.12,10.8,1,Enero,Domingo,True,0.61
31,2026-01-04,Sede Sur,Medellin,Climatizacion,11.51,11.2,1,Enero,Domingo,True,1.38
33,2026-01-04,Sede Sur,Medellin,Equipamentos,6.76,11.8,1,Enero,Domingo,True,0.81
32,2026-01-04,Sede Sur,Medellin,Iluminacion,4.72,12.8,1,Enero,Domingo,True,0.57
43,2026-01-05,Planta Industrial,Cali,Climatizacion,38.17,13.8,1,Enero,Lunes,False,4.58
45,2026-01-05,Planta Industrial,Cali,Equipamentos,21.2,13.0,1,Enero,Lunes,False,2.54
44,2026-01-05,Planta Industrial,Cali,Iluminacion,13.89,13.9,1,Enero,Lunes,False,1.67
37,2026-01-05,Sede Norte,Bogota,Climatizacion,23.42,10.8,1,Enero,Lunes,False,2.81
39,2026-01-05,Sede Norte,Bogota,Equipamentos,12.61,11.9,1,Enero,Lunes,False,1.51
38,2026-01-05,Sede Norte,Bogota,Iluminacion,9.17,13.7,1,Enero,Lunes,False,1.1
40,2026-01-05,Sede Sur,Medellin,Climatizacion,20.83,12.2,1,Enero,Lunes,False,2.5
42,2026-01-05,Sede Sur,Medellin,Equipamentos,10.79,13.3,1,Enero,Lunes,False,1.29
41,2026-01-05,Sede Sur,Medellin,Iluminacion,7.66,13.0,1,Enero,Lunes,False,0.92
52,2026-01-06,Planta Industrial,Cali,Climatizacion,32.9,14.0,1,Enero,Martes,False,3.95
54,2026-01-06,Planta Industrial,Cali,Equipamentos,20.35,13.3,1,Enero,Martes,False,2.44
53,2026-01-06,Planta Industrial,Cali,Iluminacion,13.96,13.8,1,Enero,Martes,False,1.68
46,2026-01-06,Sede Norte,Bogota,Climatizacion,20.28,13.6,1,Enero,Martes,False,2.43
48,2026-01-06,Sede Norte,Bogota,Equipamentos,20.65442159383033,13.4,1,Enero,Martes,False,2.48
47,2026-01-06,Sede Norte,Bogota,Iluminacion,9.58,13.1,1,Enero,Martes,False,1.15
49,2026-01-06,Sede Sur,Medellin,Climatizacion,19.07,13.2,1,Enero,Martes,False,2.29
51,2026-01-06,Sede Sur,Medellin,Equipamentos,12.24,10.9,1,Enero,Martes,False,1.47
50,2026-01-06,Sede Sur,Medellin,Iluminacion,7.49,12.4,1,Enero,Martes,False,0.9
61,2026-01-07,Planta Industrial,Cali,Climatizacion,37.39,13.0,1,Enero,Miércoles,False,4.49
63,2026-01-07,Planta Industrial,Cali,Equipamentos,18.96,12.3,1,Enero,Miércoles,False,2.28
62,2026-01-07,Planta Industrial,Cali,Iluminacion,12.83,14.3,1,Enero,Miércoles,False,1.54
55,2026-01-07,Sede Norte,Bogota,Climatizacion,23.06,12.4,1,Enero,Miércoles,False,2.77
57,2026-01-07,Sede Norte,Bogota,Equipamentos,12.77,10.9,1,Enero,Miércoles,False,1.53
56,2026-01-07,Sede Norte,Bogota,Iluminacion,8.92,12.6,1,Enero,Miércoles,False,1.07
58,2026-01-07,Sede Sur,Medellin,Climatizacion,19.32,11.3,1,Enero,Miércoles,False,2.32
60,2026-01-07,Sede Sur,Medellin,Equipamentos,12.12,13.2,1,Enero,Miércoles,False,1.45
59,2026-01-07,Sede Sur,Medellin,Iluminacion,8.05,13.4,1,Enero,Miércoles,False,0.97
70,2026-01-08,Planta Industrial,Cali,Climatizacion,34.82,13.3,1,Enero,Jueves,False,4.18
72,2026-01-08,Planta Industrial,Cali,Equipamentos,19.69,13.6,1,Enero,Jueves,False,2.36
71,2026-01-08,Planta Industrial,Cali,Iluminacion,13.68,12.4,1,Enero,Jueves,False,1.64
64,2026-01-08,Sede Norte,Bogota,Climatizacion,21.37,13.1,1,Enero,Jueves,False,2.56
66,2026-01-08,Sede Norte,Bogota,Equipamentos,20.65442159383033,11.8,1,Enero,Jueves,False,2.48
65,2026-01-08,Sede Norte,Bogota,Iluminacion,9.22,11.1,1,Enero,Jueves,False,1.11
67,2026-01-08,Sede Sur,Medellin,Climatizacion,19.1,11.3,1,Enero,Jueves,False,2.29
68,2026-01-08,Sede Sur,Medellin,Climatizacion,7.25,11.3,1,Enero,Jueves,False,0.87
69,2026-01-08,Sede Sur,Medellin,Equipamentos,11.3,12.9,1,Enero,Jueves,False,1.36
79,2026-01-09,Planta Industrial,Cali,Climatizacion,35.31,14.4,1,Enero,Viernes,False,4.24
81,2026-01-09,Planta Industrial,Cali,Equipamentos,21.07,14.7,1,Enero,Viernes,False,2.53
80,2026-01-09,Planta Industrial,Cali,Iluminacion,15.33,13.0,1,Enero,Viernes,False,1.84
73,2026-01-09,Sede Norte,Bogota,Climatizacion,24.3,11.2,1,Enero,Viernes,False,2.92
74,2026-01-09,Sede Norte,Bogota,Iluminacion,20.65442159383033,12.4,1,Enero,Viernes,False,2.48
75,2026-01-09,Sede Norte,Bogota,Iluminacion,14.36,12.6,1,Enero,Viernes,False,1.72
76,2026-01-09,Sede Sur,Medellin,Climatizacion,17.17,10.9,1,Enero,Viernes,False,2.06
78,2026-01-09,Sede Sur,Medellin,Equipamentos,11.87,11.3,1,Enero,Viernes,False,1.42
77,2026-01-09,Sede Sur,Medellin,Iluminacion,7.93,11.3,1,Enero,Viernes,False,0.95
88,2026-01-10,Planta Industrial,Cali,Climatizacion,30.46,13.3,1,Enero,Sábado,True,3.66
90,2026-01-10,Planta Industrial,Cali,Equipamentos,15.15,13.1,1,Enero,Sábado,True,1.82
89,2026-01-10,Planta Industrial,Cali,Iluminacion,11.01,14.6,1,Enero,Sábado,True,1.32
82,2026-01-10,Sede Norte,Bogota,Climatizacion,13.9,11.5,1,Enero,Sábado,True,1.67
84,2026-01-10,Sede Norte,Bogota,Equipamentos,8.31,11.8,1,Enero,Sábado,True,1.0
83,2026-01-10,Sede Norte,Bogota,Iluminacion,5.48,12.0,1,Enero,Sábado,True,0.66
85,2026-01-10,Sede Sur,Medellin,Climatizacion,10.94,11.0,1,Enero,Sábado,True,1.31
87,2026-01-10,Sede Sur,Medellin,Equipamentos,7.33,11.8,1,Enero,Sábado,True,0.88
97,2026-01-11,Planta Industrial,Cali,Climatizacion,28.98,13.0,1,Enero,Domingo,True,3.48
99,2026-01-11,Planta Industrial,Cali,Equipamentos,17.36,12.7,1,Enero,Domingo,True,2.08
98,2026-01-11,Planta Industrial,Cali,Iluminacion,10.51,13.7,1,Enero,Domingo,True,1.26
91,2026-01-11,Sede Norte,Bogota,Climatizacion,12.25,13.5,1,Enero,Domingo,True,1.47
93,2026-01-11,Sede Norte,Bogota,Equipamentos,7.57,12.6,1,Enero,Domingo,True,0.91
92,2026-01-11,Sede Norte,Bogota,Iluminacion,5.9,13.4,1,Enero,Domingo,True,0.71
94,2026-01-11,Sede Sur,Medellin,Climatizacion,12.48,13.5,1,Enero,Domingo,True,1.5
96,2026-01-11,Sede Sur,Medellin,Equipamentos,6.63,12.0,1,Enero,Domingo,True,0.8
95,2026-01-11,Sede Sur,Medellin,Iluminacion,4.57,13.0,1,Enero,Domingo,True,0.55
106,2026-01-12,Planta Industrial,Cali,Climatizacion,37.36,14.5,1,Enero,Lunes,False,4.48
108,2026-01-12,Planta Industrial,Cali,Equipamentos,21.79,15.1,1,Enero,Lunes,False,2.61
107,2026-01-12,Planta Industrial,Cali,Iluminacion,13.56,15.2,1,Enero,Lunes,False,1.63
100,2026-01-12,Sede Norte,Bogota,Climatizacion,22.5,11.8,1,Enero,Lunes,False,2.7
102,2026-01-12,Sede Norte,Bogota,Equipamentos,20.65442159383033,13.6,1,Enero,Lunes,False,2.48
101,2026-01-12,Sede Norte,Bogota,Iluminacion,9.67,11.9,1,Enero,Lunes,False,1.16
103,2026-01-12,Sede Sur,Medellin,Climatizacion,18.35,11.5,1,Enero,Lunes,False,2.2
105,2026-01-12,Sede Sur,Medellin,Equipamentos,10.75,12.0,1,Enero,Lunes,False,1.29
104,2026-01-12,Sede Sur,Medellin,Iluminacion,8.03,13.9,1,Enero,Lunes,False,0.96
115,2026-01-13,Planta Industrial,Cali,Climatizacion,33.54,13.5,1,Enero,Martes,False,4.02
117,2026-01-13,Planta Industrial,Cali,Equipamentos,22.63,15.3,1,Enero,Martes,False,2.72
116,2026-01-13,Planta Industrial,Cali,Iluminacion,14.29,15.1,1,Enero,Martes,False,1.71
109,2026-01-13,Sede Norte,Bogota,Climatizacion,24.68,12.4,1,Enero,Martes,False,2.96
111,2026-01-13,Sede Norte,Bogota,Equipamentos,12.61,11.2,1,Enero,Martes,False,1.51
110,2026-01-13,Sede Norte,Bogota,Iluminacion,9.41,11.7,1,Enero,Martes,False,1.13
112,2026-01-13,Sede Sur,Medellin,Climatizacion,17.91,13.7,1,Enero,Martes,False,2.15
114,2026-01-13,Sede Sur,Medellin,Equipamentos,11.1,13.5,1,Enero,Martes,False,1.33
113,2026-01-13,Sede Sur,Medellin,Iluminacion,7.75,13.2,1,Enero,Martes,False,0.93
124,2026-01-14,Planta Industrial,Cali,Climatizacion,33.07,14.2,1,Enero,Miércoles,False,3.97
126,2026-01-14,Planta Industrial,Cali,Equipamentos,21.27,15.2,1,Enero,Miércoles,False,2.55
125,2026-01-14,Planta Industrial,Cali,Iluminacion,13.35,12.8,1,Enero,Miércoles,False,1.6
118,2026-01-14,Sede Norte,Bogota,Climatizacion,20.65442159383033,11.4,1,Enero,Miércoles,False,2.48
120,2026-01-14,Sede Norte,Bogota,Equipamentos,14.49,11.2,1,Enero,Miércoles,False,1.74
119,2026-01-14,Sede Norte,Bogota,Iluminacion,8.17,11.3,1,Enero,Miércoles,False,0.98
121,2026-01-14,Sede Sur,Medellin,Climatizacion,20.25,13.4,1,Enero,Miércoles,False,2.43
123,2026-01-14,Sede Sur,Medellin,Equipamentos,11.12,13.4,1,Enero,Miércoles,False,1.33
122,2026-01-14,Sede Sur,Medellin,Iluminacion,7.78,12.0,1,Enero,Miércoles,False,0.93
133,2026-01-15,Planta Industrial,Cali,Climatizacion,34.45,15.5,1,Enero,Jueves,False,4.13
135,2026-01-15,Planta Industrial,Cali,Equipamentos,22.02,13.3,1,Enero,Jueves,False,2.64
134,2026-01-15,Planta Industrial,Cali,Iluminacion,13.07,12.9,1,Enero,Jueves,False,1.57
127,2026-01-15,Sede Norte,Bogota,Climatizacion,22.31,13.8,1,Enero,Jueves,False,2.68
129,2026-01-15,Sede Norte,Bogota,Equipamentos,12.18,13.5,1,Enero,Jueves,False,1.46
130,2026-01-15,Sede Sur,Medellin,Climatizacion,17.45,13.1,1,Enero,Jueves,False,2.09
132,2026-01-15,Sede Sur,Medellin,Equipamentos,10.81,11.2,1,Enero,Jueves,False,1.3
128,2026-01-15,Sede Sur,Bogota,Iluminacion,9.52,11.9,1,Enero,Jueves,False,1.14
131,2026-01-15,Sede Sur,Medellin,Iluminacion,8.19,11.4,1,Enero,Jueves,False,0.98
142,2026-01-16,Planta Industrial,Cali,Climatizacion,33.57,15.5,1,Enero,Viernes,False,4.03
144,2026-01-16,Planta Industrial,Cali,Equipamentos,19.16,13.5,1,Enero,Viernes,False,2.3
136,2026-01-16,Sede Norte,Bogota,Climatizacion,24.35,11.4,1,Enero,Viernes,False,2.92
138,2026-01-16,Sede Norte,Bogota,Equipamentos,12.94,13.8,1,Enero,Viernes,False,1.55
137,2026-01-16,Sede Norte,Bogota,Iluminacion,9.85,12.2,1,Enero,Viernes,False,1.18
139,2026-01-16,Sede Sur,Medellin,Climatizacion,18.91,11.9,1,Enero,Viernes,False,2.27
141,2026-01-16,Sede Sur,Medellin,Equipamentos,10.28,11.2,1,Enero,Viernes,False,1.23
140,2026-01-16,Sede Sur,Medellin,Iluminacion,7.83,11.4,1,Enero,Viernes,False,0.94
151,2026-01-17,Planta Industrial,Cali,Climatizacion,26.58,13.6,1,Enero,Sábado,True,3.19
153,2026-01-17,Planta Industrial,Cali,Equipamentos,16.62,15.6,1,Enero,Sábado,True,1.99
152,2026-01-17,Planta Industrial,Cali,Iluminacion,10.71,12.9,1,Enero,Sábado,True,1.29
145,2026-01-17,Sede Norte,Bogota,Climatizacion,14.77,13.9,1,Enero,Sábado,True,1.77
146,2026-01-17,Sede Norte,Bogota,Iluminacion,4.98,14.0,1,Enero,Sábado,True,0.6
148,2026-01-17,Sede Sur,Medellin,Climatizacion,11.5,14.1,1,Enero,Sábado,True,1.38
150,2026-01-17,Sede Sur,Medellin,Equipamentos,6.9,11.9,1,Enero,Sábado,True,0.83
149,2026-01-17,Sede Sur,Medellin,Iluminacion,4.71,13.2,1,Enero,Sábado,True,0.57
160,2026-01-18,Planta Industrial,Cali,Climatizacion,28.54,14.4,1,Enero,Domingo,True,3.42
162,2026-01-18,Planta Industrial,Cali,Equipamentos,15.36,13.4,1,Enero,Domingo,True,1.84
161,2026-01-18,Planta Industrial,Cali,Iluminacion,10.13,13.4,1,Enero,Domingo,True,1.22
154,2026-01-18,Sede Norte,Bogota,Climatizacion,13.89,13.1,1,Enero,Domingo,True,1.67
156,2026-01-18,Sede Norte,Bogota,Equipamentos,7.82,12.1,1,Enero,Domingo,True,0.94
155,2026-01-18,Sede Norte,Bogota,Iluminacion,5.28,14.0,1,Enero,Domingo,True,0.63
157,2026-01-18,Sede Sur,Medellin,Climatizacion,12.19,12.1,1,Enero,Domingo,True,1.46
158,2026-01-18,Sede Sur,Medellin,Iluminacion,4.38,13.9,1,Enero,Domingo,True,0.53
169,2026-01-19,Planta Industrial,Cali,Climatizacion,32.71,15.6,1,Enero,Lunes,False,3.93
171,2026-01-19,Planta Industrial,Cali,Equipamentos,20.24,15.2,1,Enero,Lunes,False,2.43
170,2026-01-19,Planta Industrial,Cali,Iluminacion,15.36,15.1,1,Enero,Lunes,False,1.84
163,2026-01-19,Sede Norte,Bogota,Climatizacion,20.57,12.9,1,Enero,Lunes,False,2.47
164,2026-01-19,Sede Norte,Bogota,Iluminacion,9.24,11.5,1,Enero,Lunes,False,1.11
166,2026-01-19,Sede Sur,Medellin,Climatizacion,20.38,12.7,1,Enero,Lunes,False,2.45
168,2026-01-19,Sede Sur,Medellin,Equipamentos,10.44,13.6,1,Enero,Lunes,False,1.25
167,2026-01-19,Sede Sur,Medellin,Iluminacion,7.6,11.7,1,Enero,Lunes,False,0.91
178,2026-01-20,Planta Industrial,Cali,Climatizacion,36.72,15.3,1,Enero,Martes,False,4.41
180,2026-01-20,Planta Industrial,Cali,Equipamentos,19.56,14.1,1,Enero,Martes,False,2.35
179,2026-01-20,Planta Industrial,Cali,Iluminacion,13.1,14.8,1,Enero,Martes,False,1.57
172,2026-01-20,Sede Norte,Bogota,Climatizacion,22.56,11.6,1,Enero,Martes,False,2.71
174,2026-01-20,Sede Norte,Bogota,Equipamentos,12.53,14.0,1,Enero,Martes,False,1.5
173,2026-01-20,Sede Norte,Bogota,Iluminacion,8.63,14.0,1,Enero,Martes,False,1.04
175,2026-01-20,Sede Sur,Medellin,Climatizacion,17.22,14.0,1,Enero,Martes,False,2.07
177,2026-01-20,Sede Sur,Medellin,Equipamentos,12.33,13.7,1,Enero,Martes,False,1.48
176,2026-01-20,Sede Sur,Medellin,Iluminacion,20.65442159383033,12.2,1,Enero,Martes,False,2.48
187,2026-01-21,Planta Industrial,Cali,Climatizacion,31.67,13.6,1,Enero,Miércoles,False,3.8
189,2026-01-21,Planta Industrial,Cali,Equipamentos,19.16,14.5,1,Enero,Miércoles,False,2.3
188,2026-01-21,Planta Industrial,Cali,Iluminacion,13.77,14.8,1,Enero,Miércoles,False,1.65
181,2026-01-21,Sede Norte,Bogota,Climatizacion,23.26,13.5,1,Enero,Miércoles,False,2.79
183,2026-01-21,Sede Norte,Bogota,Equipamentos,14.33,14.2,1,Enero,Miércoles,False,1.72
182,2026-01-21,Sede Norte,Bogota,Iluminacion,8.22,12.1,1,Enero,Miércoles,False,0.99
184,2026-01-21,Sede Sur,Medellin,Climatizacion,19.16,13.0,1,Enero,Miércoles,False,2.3
186,2026-01-21,Sede Sur,Medellin,Equipamentos,11.03,12.5,1,Enero,Miércoles,False,1.32
185,2026-01-21,Sede Sur,Medellin,Iluminacion,7.53,13.9,1,Enero,Miércoles,False,0.9
196,2026-01-22,Planta Industrial,Cali,Climatizacion,34.57,14.8,1,Enero,Jueves,False,4.15
198,2026-01-22,Planta Industrial,Cali,Equipamentos,20.98,13.6,1,Enero,Jueves,False,2.52
197,2026-01-22,Planta Industrial,Cali,Iluminacion,14.65,14.9,1,Enero,Jueves,False,1.76
190,2026-01-22,Sede Norte,Bogota,Climatizacion,20.87,12.4,1,Enero,Jueves,False,2.5
192,2026-01-22,Sede Norte,Bogota,Equipamentos,13.22,13.9,1,Enero,Jueves,False,1.59
191,2026-01-22,Sede Norte,Bogota,Iluminacion,8.57,11.8,1,Enero,Jueves,False,1.03
193,2026-01-22,Sede Sur,Medellin,Climatizacion,19.43,12.6,1,Enero,Jueves,False,2.33
195,2026-01-22,Sede Sur,Medellin,Equipamentos,11.4,13.0,1,Enero,Jueves,False,1.37
194,2026-01-22,Sede Sur,Medellin,Iluminacion,6.85,12.1,1,Enero,Jueves,False,0.82
205,2026-01-23,Planta Industrial,Cali,Climatizacion,36.86,13.4,1,Enero,Viernes,False,4.42
207,2026-01-23,Planta Industrial,Cali,Equipamentos,22.47,15.0,1,Enero,Viernes,False,2.7
206,2026-01-23,Planta Industrial,Cali,Iluminacion,13.47,15.6,1,Enero,Viernes,False,1.62
199,2026-01-23,Sede Norte,Bogota,Climatizacion,21.26,12.9,1,Enero,Viernes,False,2.55
201,2026-01-23,Sede Norte,Bogota,Equipamentos,14.63,14.1,1,Enero,Viernes,False,1.76
200,2026-01-23,Sede Norte,Bogota,Iluminacion,9.11,12.7,1,Enero,Viernes,False,1.09
202,2026-01-23,Sede Sur,Medellin,Climatizacion,19.56,12.3,1,Enero,Viernes,False,2.35
204,2026-01-23,Sede Sur,Medellin,Equipamentos,12.26,13.0,1,Enero,Viernes,False,1.47
203,2026-01-23,Sede Sur,Medellin,Iluminacion,20.65442159383033,11.6,1,Enero,Viernes,False,2.48
214,2026-01-24,Planta Industrial,Cali,Climatizacion,25.49,15.3,1,Enero,Sábado,True,3.06
216,2026-01-24,Planta Industrial,Cali,Equipamentos,16.85,14.0,1,Enero,Sábado,True,2.02
215,2026-01-24,Planta Industrial,Cali,Iluminacion,11.69,15.0,1,Enero,Sábado,True,1.4
208,2026-01-24,Sede Norte,Bogota,Climatizacion,14.04,12.6,1,Enero,Sábado,True,1.68
210,2026-01-24,Sede Norte,Bogota,Equipamentos,8.74,14.1,1,Enero,Sábado,True,1.05
209,2026-01-24,Sede Norte,Bogota,Iluminacion,5.5,13.7,1,Enero,Sábado,True,0.66
211,2026-01-24,Sede Sur,Medellin,Climatizacion,11.56,14.4,1,Enero,Sábado,True,1.39
213,2026-01-24,Sede Sur,Medellin,Equipamentos,6.94,12.1,1,Enero,Sábado,True,0.83
212,2026-01-24,Sede Sur,Medellin,Iluminacion,4.33,12.0,1,Enero,Sábado,True,0.52
223,2026-01-25,Planta Industrial,Cali,Climatizacion,29.12,15.0,1,Enero,Domingo,True,3.49
225,2026-01-25,Planta Industrial,Cali,Equipamentos,16.4,16.0,1,Enero,Domingo,True,1.97
224,2026-01-25,Planta Industrial,Cali,Iluminacion,12.15,14.4,1,Enero,Domingo,True,1.46
217,2026-01-25,Sede Norte,Bogota,Climatizacion,20.65442159383033,12.0,1,Enero,Domingo,True,2.48
219,2026-01-25,Sede Norte,Bogota,Equipamentos,8.31,14.0,1,Enero,Domingo,True,1.0
218,2026-01-25,Sede Norte,Bogota,Iluminacion,5.92,11.7,1,Enero,Domingo,True,0.71
220,2026-01-25,Sede Sur,Medellin,Climatizacion,12.34,12.3,1,Enero,Domingo,True,1.48
222,2026-01-25,Sede Sur,Medellin,Equipamentos,7.31,13.9,1,Enero,Domingo,True,0.88
221,2026-01-25,Sede Sur,Medellin,Iluminacion,4.23,14.4,1,Enero,Domingo,True,0.51
232,2026-01-26,Planta Industrial,Cali,Climatizacion,36.75,13.8,1,Enero,Lunes,False,4.41
234,2026-01-26,Planta Industrial,Cali,Equipamentos,20.65442159383033,14.4,1,Enero,Lunes,False,2.48
233,2026-01-26,Planta Industrial,Cali,Iluminacion,13.13,13.1,1,Enero,Lunes,False,1.58
226,2026-01-26,Sede Norte,Bogota,Climatizacion,22.2,14.0,1,Enero,Lunes,False,2.66
228,2026-01-26,Sede Norte,Bogota,Equipamentos,14.6,12.0,1,Enero,Lunes,False,1.75
227,2026-01-26,Sede Norte,Bogota,Iluminacion,8.69,12.1,1,Enero,Lunes,False,1.04
229,2026-01-26,Sede Sur,Medellin,Climatizacion,17.55,14.5,1,Enero,Lunes,False,2.11
231,2026-01-26,Sede Sur,Medellin,Equipamentos,10.93,11.9,1,Enero,Lunes,False,1.31
230,2026-01-26,Sede Sur,Medellin,Iluminacion,7.46,13.4,1,Enero,Lunes,False,0.9
241,2026-01-27,Planta Industrial,Cali,Climatizacion,35.32,16.1,1,Enero,Martes,False,4.24
243,2026-01-27,Planta Industrial,Cali,Equipamentos,20.65442159383033,15.5,1,Enero,Martes,False,2.48
242,2026-01-27,Planta Industrial,Cali,Iluminacion,15.0,14.6,1,Enero,Martes,False,1.8
235,2026-01-27,Sede Norte,Bogota,Climatizacion,22.98,13.5,1,Enero,Martes,False,2.76
237,2026-01-27,Sede Norte,Bogota,Equipamentos,13.61,12.5,1,Enero,Martes,False,1.63
236,2026-01-27,Sede Norte,Bogota,Iluminacion,8.47,14.2,1,Enero,Martes,False,1.02
238,2026-01-27,Sede Sur,Medellin,Climatizacion,19.33,12.5,1,Enero,Martes,False,2.32
240,2026-01-27,Sede Sur,Medellin,Equipamentos,12.1,14.0,1,Enero,Martes,False,1.45
239,2026-01-27,Sede Sur,Medellin,Iluminacion,7.88,12.4,1,Enero,Martes,False,0.95
250,2026-01-28,Planta Industrial,Cali,Climatizacion,33.68,14.9,1,Enero,Miércoles,False,4.04
252,2026-01-28,Planta Industrial,Cali,Equipamentos,18.9,14.8,1,Enero,Miércoles,False,2.27
251,2026-01-28,Planta Industrial,Cali,Iluminacion,13.6,14.7,1,Enero,Miércoles,False,1.63
244,2026-01-28,Sede Norte,Bogota,Climatizacion,21.53,12.9,1,Enero,Miércoles,False,2.58
246,2026-01-28,Sede Norte,Bogota,Equipamentos,14.17,12.1,1,Enero,Miércoles,False,1.7
245,2026-01-28,Sede Norte,Bogota,Iluminacion,9.55,12.0,1,Enero,Miércoles,False,1.15
247,2026-01-28,Sede Sur,Medellin,Climatizacion,20.77,13.3,1,Enero,Miércoles,False,2.49
249,2026-01-28,Sede Sur,Medellin,Equipamentos,11.4,12.1,1,Enero,Miércoles,False,1.37
248,2026-01-28,Sede Sur,Medellin,Iluminacion,20.65442159383033,14.0,1,Enero,Miércoles,False,2.48
259,2026-01-29,Planta Industrial,Cali,Climatizacion,37.67,15.1,1,Enero,Jueves,False,4.52
261,2026-01-29,Planta Industrial,Cali,Equipamentos,20.84,16.2,1,Enero,Jueves,False,2.5
260,2026-01-29,Planta Industrial,Cali,Iluminacion,14.03,15.8,1,Enero,Jueves,False,1.68
253,2026-01-29,Sede Norte,Bogota,Climatizacion,22.27,13.1,1,Enero,Jueves,False,2.67
255,2026-01-29,Sede Norte,Bogota,Equipamentos,14.0,14.1,1,Enero,Jueves,False,1.68
254,2026-01-29,Sede Norte,Bogota,Iluminacion,8.82,12.7,1,Enero,Jueves,False,1.06
256,2026-01-29,Sede Sur,Medellin,Climatizacion,19.56,13.2,1,Enero,Jueves,False,2.35
258,2026-01-29,Sede Sur,Medellin,Equipamentos,10.89,11.8,1,Enero,Jueves,False,1.31
257,2026-01-29,Sede Sur,Medellin,Iluminacion,7.15,12.9,1,Enero,Jueves,False,0.86
268,2026-01-30,Planta Industrial,Cali,Climatizacion,37.53,14.5,1,Enero,Viernes,False,4.5
269,2026-01-30,Planta Industrial,Cali,Iluminacion,14.65,15.1,1,Enero,Viernes,False,1.76
262,2026-01-30,Sede Norte,Bogota,Climatizacion,22.09,14.3,1,Enero,Viernes,False,2.65
264,2026-01-30,Sede Norte,Bogota,Equipamentos,12.61,12.7,1,Enero,Viernes,False,1.51
263,2026-01-30,Sede Norte,Bogota,Iluminacion,9.88,14.1,1,Enero,Viernes,False,1.19
265,2026-01-30,Sede Sur,Medellin,Climatizacion,19.12,13.7,1,Enero,Viernes,False,2.29
267,2026-01-30,Sede Sur,Medellin,Equipamentos,11.23,13.0,1,Enero,Viernes,False,1.35
266,2026-01-30,Sede Sur,Medellin,Iluminacion,20.65442159383033,12.9,1,Enero,Viernes,False,2.48
277,2026-01-31,Planta Industrial,Cali,Climatizacion,28.59,15.8,1,Enero,Sábado,True,3.43
271,2026-01-31,Planta Industrial,Bogota,Climatizacion,14.16,13.4,1,Enero,Sábado,True,1.7
279,2026-01-31,Planta Industrial,Cali,Equipamentos,18.06,15.5,1,Enero,Sábado,True,2.17
278,2026-01-31,Planta Industrial,Cali,Iluminacion,10.67,14.4,1,Enero,Sábado,True,1.28
273,2026-01-31,Sede Norte,Bogota,Equipamentos,7.95,13.8,1,Enero,Sábado,True,0.95
272,2026-01-31,Sede Norte,Bogota,Iluminacion,5.56,13.8,1,Enero,Sábado,True,0.67
274,2026-01-31,Sede Sur,Medellin,Climatizacion,11.7,13.8,1,Enero,Sábado,True,1.4
276,2026-01-31,Sede Sur,Medellin,Equipamentos,7.21,14.4,1,Enero,Sábado,True,0.87
275,2026-01-31,Sede Sur,Medellin,Iluminacion,4.82,14.7,1,Enero,Sábado,True,0.58
286,2026-02-01,Planta Industrial,Cali,Climatizacion,30.5,15.0,2,Febrero,Domingo,True,3.66
288,2026-02-01,Planta Industrial,Cali,Equipamentos,17.15,15.5,2,Febrero,Domingo,True,2.06
287,2026-02-01,Planta Industrial,Cali,Iluminacion,10.98,15.5,2,Febrero,Domingo,True,1.32
280,2026-02-01,Sede Norte,Bogota,Climatizacion,12.56,13.6,2,Febrero,Domingo,True,1.51
282,2026-02-01,Sede Norte,Bogota,Equipamentos,7.36,13.4,2,Febrero,Domingo,True,0.88
281,2026-02-01,Sede Norte,Bogota,Iluminacion,5.38,14.5,2,Febrero,Domingo,True,0.65
283,2026-02-01,Sede Sur,Medellin,Climatizacion,11.96,13.5,2,Febrero,Domingo,True,1.44
285,2026-02-01,Sede Sur,Medellin,Equipamentos,6.18,13.9,2,Febrero,Domingo,True,0.74
284,2026-02-01,Sede Sur,Medellin,Iluminacion,4.43,13.2,2,Febrero,Domingo,True,0.53
295,2026-02-02,Planta Industrial,Cali,Climatizacion,37.21,15.7,2,Febrero,Lunes,False,4.47
296,2026-02-02,Planta Industrial,Cali,Iluminacion,14.31,14.3,2,Febrero,Lunes,False,1.72
289,2026-02-02,Sede Norte,Bogota,Climatizacion,21.18,12.6,2,Febrero,Lunes,False,2.54
291,2026-02-02,Sede Norte,Bogota,Equipamentos,14.39,12.2,2,Febrero,Lunes,False,1.73
290,2026-02-02,Sede Norte,Bogota,Iluminacion,8.58,14.7,2,Febrero,Lunes,False,1.03
292,2026-02-02,Sede Sur,Medellin,Climatizacion,18.5,13.6,2,Febrero,Lunes,False,2.22
294,2026-02-02,Sede Sur,Medellin,Equipamentos,11.75,12.5,2,Febrero,Lunes,False,1.41
293,2026-02-02,Sede Sur,Medellin,Iluminacion,7.96,13.6,2,Febrero,Lunes,False,0.96
304,2026-02-03,Planta Industrial,Cali,Climatizacion,36.83,14.9,2,Febrero,Martes,False,4.42
306,2026-02-03,Planta Industrial,Cali,Equipamentos,19.6,15.5,2,Febrero,Martes,False,2.35
298,2026-02-03,Sede Norte,Bogota,Climatizacion,23.8,12.6,2,Febrero,Martes,False,2.86
300,2026-02-03,Sede Norte,Bogota,Equipamentos,14.75,12.8,2,Febrero,Martes,False,1.77
299,2026-02-03,Sede Norte,Bogota,Iluminacion,8.69,14.7,2,Febrero,Martes,False,1.04
303,2026-02-03,Sede Sur,Medellin,Equipamentos,10.98,14.0,2,Febrero,Martes,False,1.32
301,2026-02-03,Sede Sur,Medellin,Iluminacion,20.31,14.2,2,Febrero,Martes,False,2.44
302,2026-02-03,Sede Sur,Medellin,Iluminacion,8.21,12.2,2,Febrero,Martes,False,0.99
313,2026-02-04,Planta Industrial,Cali,Climatizacion,36.53,14.4,2,Febrero,Miércoles,False,4.38
315,2026-02-04,Planta Industrial,Cali,Equipamentos,20.57,14.0,2,Febrero,Miércoles,False,2.47
314,2026-02-04,Planta Industrial,Cali,Iluminacion,13.46,15.8,2,Febrero,Miércoles,False,1.62
307,2026-02-04,Sede Norte,Bogota,Climatizacion,22.25,15.1,2,Febrero,Miércoles,False,2.67
309,2026-02-04,Sede Norte,Bogota,Equipamentos,12.86,14.0,2,Febrero,Miércoles,False,1.54
308,2026-02-04,Sede Norte,Bogota,Equipamentos,9.41,14.9,2,Febrero,Miércoles,False,1.13
310,2026-02-04,Sede Sur,Medellin,Climatizacion,17.63,13.7,2,Febrero,Miércoles,False,2.12
312,2026-02-04,Sede Sur,Medellin,Equipamentos,11.97,13.2,2,Febrero,Miércoles,False,1.44
311,2026-02-04,Sede Sur,Medellin,Iluminacion,7.93,12.6,2,Febrero,Miércoles,False,0.95
322,2026-02-05,Planta Industrial,Cali,Climatizacion,37.37,14.7,2,Febrero,Jueves,False,4.48
324,2026-02-05,Planta Industrial,Cali,Equipamentos,20.58,14.0,2,Febrero,Jueves,False,2.47
323,2026-02-05,Planta Industrial,Cali,Iluminacion,14.54,14.1,2,Febrero,Jueves,False,1.74
316,2026-02-05,Sede Norte,Bogota,Climatizacion,20.7,13.7,2,Febrero,Jueves,False,2.48
318,2026-02-05,Sede Norte,Bogota,Equipamentos,14.55,14.0,2,Febrero,Jueves,False,1.75
317,2026-02-05,Sede Norte,Bogota,Iluminacion,8.2,12.8,2,Febrero,Jueves,False,0.98
319,2026-02-05,Sede Sur,Medellin,Climatizacion,17.23,12.9,2,Febrero,Jueves,False,2.07
321,2026-02-05,Sede Sur,Medellin,Equipamentos,11.66,15.1,2,Febrero,Jueves,False,1.4
320,2026-02-05,Sede Sur,Medellin,Iluminacion,8.08,14.3,2,Febrero,Jueves,False,0.97
331,2026-02-06,Planta Industrial,Cali,Climatizacion,31.82,16.8,2,Febrero,Viernes,False,3.82
333,2026-02-06,Planta Industrial,Cali,Equipamentos,20.51,14.7,2,Febrero,Viernes,False,2.46
332,2026-02-06,Planta Industrial,Cali,Iluminacion,15.0,16.2,2,Febrero,Viernes,False,1.8
325,2026-02-06,Sede Norte,Bogota,Climatizacion,21.95,13.8,2,Febrero,Viernes,False,2.63
327,2026-02-06,Sede Norte,Bogota,Equipamentos,13.4,14.8,2,Febrero,Viernes,False,1.61
326,2026-02-06,Sede Norte,Bogota,Iluminacion,8.52,12.8,2,Febrero,Viernes,False,1.02
328,2026-02-06,Sede Sur,Medellin,Climatizacion,17.91,14.0,2,Febrero,Viernes,False,2.15
330,2026-02-06,Sede Sur,Medellin,Equipamentos,12.33,14.1,2,Febrero,Viernes,False,1.48
329,2026-02-06,Sede Sur,Medellin,Iluminacion,7.34,14.4,2,Febrero,Viernes,False,0.88
340,2026-02-07,Planta Industrial,Cali,Climatizacion,27.79,14.3,2,Febrero,Sábado,True,3.33
342,2026-02-07,Planta Industrial,Cali,Equipamentos,15.32,14.0,2,Febrero,Sábado,True,1.84
334,2026-02-07,Sede Norte,Bogota,Climatizacion,14.63,14.1,2,Febrero,Sábado,True,1.76
336,2026-02-07,Sede Norte,Bogota,Equipamentos,7.54,14.6,2,Febrero,Sábado,True,0.9
341,2026-02-07,Sede Norte,Cali,Iluminacion,12.11,16.4,2,Febrero,Sábado,True,1.45
335,2026-02-07,Sede Norte,Bogota,Iluminacion,20.65442159383033,13.6,2,Febrero,Sábado,True,2.48
337,2026-02-07,Sede Sur,Medellin,Climatizacion,10.29,15.1,2,Febrero,Sábado,True,1.23
339,2026-02-07,Sede Sur,Medellin,Equipamentos,6.68,12.5,2,Febrero,Sábado,True,0.8
338,2026-02-07,Sede Sur,Medellin,Iluminacion,4.71,12.8,2,Febrero,Sábado,True,0.57
349,2026-02-08,Planta Industrial,Cali,Climatizacion,30.63,15.8,2,Febrero,Domingo,True,3.68
351,2026-02-08,Planta Industrial,Cali,Equipamentos,18.26,14.1,2,Febrero,Domingo,True,2.19
350,2026-02-08,Planta Industrial,Cali,Iluminacion,10.62,15.9,2,Febrero,Domingo,True,1.27
343,2026-02-08,Sede Norte,Bogota,Climatizacion,12.27,15.0,2,Febrero,Domingo,True,1.47
345,2026-02-08,Sede Norte,Bogota,Equipamentos,7.33,12.7,2,Febrero,Domingo,True,0.88
344,2026-02-08,Sede Norte,Bogota,Iluminacion,4.99,13.3,2,Febrero,Domingo,True,0.6
346,2026-02-08,Sede Sur,Medellin,Climatizacion,11.96,14.3,2,Febrero,Domingo,True,1.44
348,2026-02-08,Sede Sur,Medellin,Equipamentos,6.69,14.4,2,Febrero,Domingo,True,0.8
347,2026-02-08,Sede Sur,Medellin,Iluminacion,9.75,14.5,2,Febrero,Domingo,True,1.17
358,2026-02-09,Planta Industrial,Cali,Climatizacion,36.7,16.1,2,Febrero,Lunes,False,4.4
360,2026-02-09,Planta Industrial,Cali,Equipamentos,23.0,14.8,2,Febrero,Lunes,False,2.76
359,2026-02-09,Planta Industrial,Cali,Iluminacion,14.71,16.2,2,Febrero,Lunes,False,1.77
352,2026-02-09,Sede Norte,Bogota,Climatizacion,21.82,14.3,2,Febrero,Lunes,False,2.62
354,2026-02-09,Sede Norte,Bogota,Equipamentos,12.31,14.1,2,Febrero,Lunes,False,1.48
353,2026-02-09,Sede Norte,Bogota,Iluminacion,9.11,14.3,2,Febrero,Lunes,False,1.09
355,2026-02-09,Sede Sur,Medellin,Climatizacion,18.67,13.6,2,Febrero,Lunes,False,2.24
357,2026-02-09,Sede Sur,Medellin,Equipamentos,11.77,13.8,2,Febrero,Lunes,False,1.41
356,2026-02-09,Sede Sur,Medellin,Iluminacion,16.36,13.1,2,Febrero,Lunes,False,1.96
367,2026-02-10,Planta Industrial,Cali,Climatizacion,32.4,15.4,2,Febrero,Martes,False,3.89
369,2026-02-10,Planta Industrial,Cali,Equipamentos,19.0,16.7,2,Febrero,Martes,False,2.28
368,2026-02-10,Planta Industrial,Cali,Iluminacion,14.58,15.3,2,Febrero,Martes,False,1.75
361,2026-02-10,Sede Norte,Bogota,Climatizacion,24.38,13.0,2,Febrero,Martes,False,2.93
363,2026-02-10,Sede Norte,Bogota,Equipamentos,12.4,12.7,2,Febrero,Martes,False,1.49
362,2026-02-10,Sede Norte,Bogota,Iluminacion,9.63,15.1,2,Febrero,Martes,False,1.16
364,2026-02-10,Sede Sur,Medellin,Climatizacion,18.88,15.0,2,Febrero,Martes,False,2.27
366,2026-02-10,Sede Sur,Medellin,Equipamentos,11.47,12.7,2,Febrero,Martes,False,1.38
365,2026-02-10,Sede Sur,Medellin,Iluminacion,16.67,13.7,2,Febrero,Martes,False,2.0
376,2026-02-11,Planta Industrial,Cali,Climatizacion,34.47,15.1,2,Febrero,Miércoles,False,4.14
378,2026-02-11,Planta Industrial,Cali,Equipamentos,20.32,15.1,2,Febrero,Miércoles,False,2.44
370,2026-02-11,Sede Norte,Bogota,Climatizacion,20.66,14.2,2,Febrero,Miércoles,False,2.48
371,2026-02-11,Sede Norte,Bogota,Iluminacion,8.25,15.1,2,Febrero,Miércoles,False,0.99
373,2026-02-11,Sede Sur,Medellin,Climatizacion,18.29,14.9,2,Febrero,Miércoles,False,2.19
375,2026-02-11,Sede Sur,Medellin,Equipamentos,12.21,15.1,2,Febrero,Miércoles,False,1.47
377,2026-02-11,Sede Sur,Cali,Iluminacion,14.16,14.9,2,Febrero,Miércoles,False,1.7
374,2026-02-11,Sede Sur,Medellin,Iluminacion,16.1,13.0,2,Febrero,Miércoles,False,1.93
385,2026-02-12,Planta Industrial,Cali,Climatizacion,33.54,16.7,2,Febrero,Jueves,False,4.02
387,2026-02-12,Planta Industrial,Cali,Equipamentos,19.31,15.8,2,Febrero,Jueves,False,2.32
386,2026-02-12,Planta Industrial,Cali,Iluminacion,13.64,14.7,2,Febrero,Jueves,False,1.64
379,2026-02-12,Sede Norte,Bogota,Climatizacion,24.55,15.1,2,Febrero,Jueves,False,2.95
381,2026-02-12,Sede Norte,Bogota,Equipamentos,13.36,14.7,2,Febrero,Jueves,False,1.6
380,2026-02-12,Sede Norte,Bogota,Iluminacion,8.29,14.5,2,Febrero,Jueves,False,0.99
382,2026-02-12,Sede Sur,Medellin,Climatizacion,19.83,15.7,2,Febrero,Jueves,False,2.38
384,2026-02-12,Sede Sur,Medellin,Equipamentos,12.3,14.3,2,Febrero,Jueves,False,1.48
383,2026-02-12,Sede Sur,Medellin,Iluminacion,15.81,15.2,2,Febrero,Jueves,False,1.9
394,2026-02-13,Planta Industrial,Cali,Climatizacion,37.9,14.8,2,Febrero,Viernes,False,4.55
396,2026-02-13,Planta Industrial,Cali,Equipamentos,23.01,14.5,2,Febrero,Viernes,False,2.76
395,2026-02-13,Planta Industrial,Cali,Iluminacion,13.52,15.3,2,Febrero,Viernes,False,1.62
388,2026-02-13,Sede Norte,Bogota,Climatizacion,22.84,13.8,2,Febrero,Viernes,False,2.74
390,2026-02-13,Sede Norte,Bogota,Equipamentos,13.0,14.8,2,Febrero,Viernes,False,1.56
389,2026-02-13,Sede Norte,Bogota,Iluminacion,9.57,12.9,2,Febrero,Viernes,False,1.15
391,2026-02-13,Sede Sur,Medellin,Climatizacion,18.44,13.7,2,Febrero,Viernes,False,2.21
393,2026-02-13,Sede Sur,Medellin,Equipamentos,11.46,14.3,2,Febrero,Viernes,False,1.38
392,2026-02-13,Sede Sur,Medellin,Iluminacion,15.96,13.8,2,Febrero,Viernes,False,1.92
403,2026-02-14,Planta Industrial,Cali,Climatizacion,29.14,16.7,2,Febrero,Sábado,True,3.5
405,2026-02-14,Planta Industrial,Cali,Equipamentos,17.28,17.2,2,Febrero,Sábado,True,2.07
404,2026-02-14,Planta Industrial,Cali,Iluminacion,10.89,16.6,2,Febrero,Sábado,True,1.31
397,2026-02-14,Sede Norte,Bogota,Climatizacion,20.65442159383033,14.3,2,Febrero,Sábado,True,2.48
399,2026-02-14,Sede Norte,Bogota,Equipamentos,8.79,15.3,2,Febrero,Sábado,True,1.05
398,2026-02-14,Sede Norte,Bogota,Iluminacion,5.91,15.7,2,Febrero,Sábado,True,0.71
400,2026-02-14,Sede Sur,Medellin,Climatizacion,12.09,15.7,2,Febrero,Sábado,True,1.45
402,2026-02-14,Sede Sur,Medellin,Equipamentos,7.51,14.6,2,Febrero,Sábado,True,0.9
401,2026-02-14,Sede Sur,Medellin,Iluminacion,9.16,13.3,2,Febrero,Sábado,True,1.1
412,2026-02-15,Planta Industrial,Cali,Climatizacion,25.76,14.6,2,Febrero,Domingo,True,3.09
414,2026-02-15,Planta Industrial,Cali,Equipamentos,16.0,14.8,2,Febrero,Domingo,True,1.92
413,2026-02-15,Planta Industrial,Cali,Iluminacion,10.68,16.1,2,Febrero,Domingo,True,1.28
406,2026-02-15,Sede Norte,Bogota,Climatizacion,13.4,14.2,2,Febrero,Domingo,True,1.61
407,2026-02-15,Sede Norte,Bogota,Climatizacion,5.43,15.9,2,Febrero,Domingo,True,0.65
408,2026-02-15,Sede Norte,Bogota,Equipamentos,7.53,13.5,2,Febrero,Domingo,True,0.9
409,2026-02-15,Sede Sur,Medellin,Climatizacion,11.54,15.0,2,Febrero,Domingo,True,1.38
411,2026-02-15,Sede Sur,Medellin,Equipamentos,7.15,14.2,2,Febrero,Domingo,True,0.86
421,2026-02-16,Planta Industrial,Cali,Climatizacion,37.74,15.4,2,Febrero,Lunes,False,4.53
423,2026-02-16,Planta Industrial,Cali,Equipamentos,20.69,17.2,2,Febrero,Lunes,False,2.48
422,2026-02-16,Planta Industrial,Cali,Iluminacion,15.02,16.3,2,Febrero,Lunes,False,1.8
415,2026-02-16,Sede Norte,Bogota,Climatizacion,22.62,14.9,2,Febrero,Lunes,False,2.71
417,2026-02-16,Sede Norte,Bogota,Equipamentos,13.89,15.6,2,Febrero,Lunes,False,1.67
416,2026-02-16,Sede Norte,Bogota,Iluminacion,8.23,13.3,2,Febrero,Lunes,False,0.99
418,2026-02-16,Sede Sur,Medellin,Climatizacion,20.37,13.6,2,Febrero,Lunes,False,2.44
420,2026-02-16,Sede Sur,Medellin,Equipamentos,11.88,15.6,2,Febrero,Lunes,False,1.43
419,2026-02-16,Sede Sur,Medellin,Iluminacion,14.8,13.1,2,Febrero,Lunes,False,1.78
430,2026-02-17,Planta Industrial,Cali,Climatizacion,34.33,16.1,2,Febrero,Martes,False,4.12
431,2026-02-17,Planta Industrial,Cali,Iluminacion,14.83,17.3,2,Febrero,Martes,False,1.78
424,2026-02-17,Sede Norte,Bogota,Climatizacion,22.7,15.1,2,Febrero,Martes,False,2.72
426,2026-02-17,Sede Norte,Bogota,Equipamentos,14.35,15.3,2,Febrero,Martes,False,1.72
425,2026-02-17,Sede Norte,Bogota,Iluminacion,9.54,16.0,2,Febrero,Martes,False,1.14
428,2026-02-17,Sede Sur,Medellin,Climatizacion,15.95,13.7,2,Febrero,Martes,False,1.91
427,2026-02-17,Sede Sur,Medellin,Climatizacion,18.07,16.1,2,Febrero,Martes,False,2.17
429,2026-02-17,Sede Sur,Medellin,Equipamentos,20.65442159383033,15.4,2,Febrero,Martes,False,2.48
439,2026-02-18,Planta Industrial,Cali,Climatizacion,35.36,16.4,2,Febrero,Miércoles,False,4.24
441,2026-02-18,Planta Industrial,Cali,Equipamentos,22.9,17.2,2,Febrero,Miércoles,False,2.75
440,2026-02-18,Planta Industrial,Cali,Iluminacion,14.12,16.3,2,Febrero,Miércoles,False,1.69
433,2026-02-18,Sede Norte,Bogota,Climatizacion,22.31,15.8,2,Febrero,Miércoles,False,2.68
435,2026-02-18,Sede Norte,Bogota,Equipamentos,20.65442159383033,15.3,2,Febrero,Miércoles,False,2.48
434,2026-02-18,Sede Norte,Bogota,Iluminacion,8.64,13.8,2,Febrero,Miércoles,False,1.04
436,2026-02-18,Sede Sur,Medellin,Climatizacion,18.25,13.6,2,Febrero,Miércoles,False,2.19
438,2026-02-18,Sede Sur,Medellin,Equipamentos,11.5,16.1,2,Febrero,Miércoles,False,1.38
437,2026-02-18,Sede Sur,Medellin,Iluminacion,15.95,15.9,2,Febrero,Miércoles,False,1.91
448,2026-02-19,Planta Industrial,Cali,Climatizacion,34.08,16.5,2,Febrero,Jueves,False,4.09
450,2026-02-19,Planta Industrial,Cali,Equipamentos,20.65442159383033,17.5,2,Febrero,Jueves,False,2.48
449,2026-02-19,Planta Industrial,Cali,Iluminacion,15.22,16.0,2,Febrero,Jueves,False,1.83
442,2026-02-19,Sede Norte,Bogota,Climatizacion,23.08,14.5,2,Febrero,Jueves,False,2.77
443,2026-02-19,Sede Norte,Bogota,Iluminacion,8.64,14.2,2,Febrero,Jueves,False,1.04
445,2026-02-19,Sede Sur,Medellin,Climatizacion,20.81,14.9,2,Febrero,Jueves,False,2.5
447,2026-02-19,Sede Sur,Medellin,Equipamentos,11.94,16.3,2,Febrero,Jueves,False,1.43
446,2026-02-19,Sede Sur,Medellin,Iluminacion,15.62,13.8,2,Febrero,Jueves,False,1.87
457,2026-02-20,Planta Industrial,Cali,Climatizacion,34.41,15.9,2,Febrero,Viernes,False,4.13
458,2026-02-20,Planta Industrial,Cali,Iluminacion,13.08,14.9,2,Febrero,Viernes,False,1.57
451,2026-02-20,Sede Norte,Bogota,Climatizacion,24.41,16.1,2,Febrero,Viernes,False,2.93
453,2026-02-20,Sede Norte,Bogota,Equipamentos,14.3,14.8,2,Febrero,Viernes,False,1.72
452,2026-02-20,Sede Norte,Bogota,Iluminacion,8.79,15.9,2,Febrero,Viernes,False,1.05
454,2026-02-20,Sede Sur,Medellin,Climatizacion,19.95,14.5,2,Febrero,Viernes,False,2.39
456,2026-02-20,Sede Sur,Medellin,Equipamentos,10.53,14.7,2,Febrero,Viernes,False,1.26
455,2026-02-20,Sede Sur,Medellin,Iluminacion,14.7,14.8,2,Febrero,Viernes,False,1.76
466,2026-02-21,Planta Industrial,Cali,Climatizacion,29.21,17.9,2,Febrero,Sábado,True,3.51
468,2026-02-21,Planta Industrial,Cali,Equipamentos,15.89,17.9,2,Febrero,Sábado,True,1.91
467,2026-02-21,Planta Industrial,Cali,Iluminacion,10.37,15.2,2,Febrero,Sábado,True,1.24
460,2026-02-21,Sede Norte,Bogota,Climatizacion,12.93,15.2,2,Febrero,Sábado,True,1.55
462,2026-02-21,Sede Norte,Bogota,Equipamentos,8.49,15.0,2,Febrero,Sábado,True,1.02
461,2026-02-21,Sede Norte,Bogota,Iluminacion,5.14,16.4,2,Febrero,Sábado,True,0.62
463,2026-02-21,Sede Sur,Medellin,Climatizacion,11.25,15.5,2,Febrero,Sábado,True,1.35
465,2026-02-21,Sede Sur,Medellin,Equipamentos,6.83,15.6,2,Febrero,Sábado,True,0.82
464,2026-02-21,Sede Sur,Medellin,Iluminacion,9.09,15.8,2,Febrero,Sábado,True,1.09
477,2026-02-22,Planta Industrial,Cali,Equipamentos,16.53,16.7,2,Febrero,Domingo,True,1.98
475,2026-02-22,Planta Industrial,Cali,Iluminacion,30.5,16.1,2,Febrero,Domingo,True,3.66
476,2026-02-22,Planta Industrial,Cali,Iluminacion,10.31,17.9,2,Febrero,Domingo,True,1.24
469,2026-02-22,Sede Norte,Bogota,Climatizacion,12.83,13.6,2,Febrero,Domingo,True,1.54
471,2026-02-22,Sede Norte,Bogota,Equipamentos,8.46,14.7,2,Febrero,Domingo,True,1.02
470,2026-02-22,Sede Norte,Bogota,Iluminacion,5.89,15.0,2,Febrero,Domingo,True,0.71
472,2026-02-22,Sede Sur,Medellin,Climatizacion,10.46,16.0,2,Febrero,Domingo,True,1.26
474,2026-02-22,Sede Sur,Medellin,Equipamentos,6.89,15.2,2,Febrero,Domingo,True,0.83
473,2026-02-22,Sede Sur,Medellin,Iluminacion,10.02,15.4,2,Febrero,Domingo,True,1.2
484,2026-02-23,Planta Industrial,Cali,Climatizacion,35.05,16.0,2,Febrero,Lunes,False,4.21
486,2026-02-23,Planta Industrial,Cali,Equipamentos,19.34,17.7,2,Febrero,Lunes,False,2.32
485,2026-02-23,Planta Industrial,Cali,Iluminacion,12.93,17.8,2,Febrero,Lunes,False,1.55
478,2026-02-23,Sede Norte,Bogota,Climatizacion,20.78,15.6,2,Febrero,Lunes,False,2.49
480,2026-02-23,Sede Norte,Bogota,Equipamentos,14.29,15.1,2,Febrero,Lunes,False,1.71
479,2026-02-23,Sede Norte,Bogota,Iluminacion,8.6,14.4,2,Febrero,Lunes,False,1.03
481,2026-02-23,Sede Sur,Medellin,Climatizacion,20.09,16.2,2,Febrero,Lunes,False,2.41
483,2026-02-23,Sede Sur,Medellin,Equipamentos,11.78,14.8,2,Febrero,Lunes,False,1.41
482,2026-02-23,Sede Sur,Medellin,Iluminacion,13.95,15.7,2,Febrero,Lunes,False,1.67
493,2026-02-24,Planta Industrial,Cali,Climatizacion,33.86,17.5,2,Febrero,Martes,False,4.06
495,2026-02-24,Planta Industrial,Cali,Equipamentos,21.66,18.2,2,Febrero,Martes,False,2.6
494,2026-02-24,Planta Industrial,Cali,Iluminacion,12.62,16.7,2,Febrero,Martes,False,1.51
487,2026-02-24,Sede Norte,Bogota,Climatizacion,24.32,14.9,2,Febrero,Martes,False,2.92
489,2026-02-24,Sede Norte,Bogota,Equipamentos,14.55,15.0,2,Febrero,Martes,False,1.75
488,2026-02-24,Sede Norte,Bogota,Iluminacion,9.04,14.3,2,Febrero,Martes,False,1.08
490,2026-02-24,Sede Sur,Medellin,Climatizacion,18.2,16.7,2,Febrero,Martes,False,2.18
492,2026-02-24,Sede Sur,Medellin,Equipamentos,10.75,15.3,2,Febrero,Martes,False,1.29
491,2026-02-24,Sede Sur,Medellin,Iluminacion,16.4,15.2,2,Febrero,Martes,False,1.97
502,2026-02-25,Planta Industrial,Cali,Climatizacion,35.43,15.9,2,Febrero,Miércoles,False,4.25
504,2026-02-25,Planta Industrial,Cali,Equipamentos,21.46,16.9,2,Febrero,Miércoles,False,2.58
503,2026-02-25,Planta Industrial,Cali,Iluminacion,15.29,17.1,2,Febrero,Miércoles,False,1.83
496,2026-02-25,Sede Norte,Bogota,Climatizacion,24.61,16.6,2,Febrero,Miércoles,False,2.95
498,2026-02-25,Sede Norte,Bogota,Equipamentos,14.2,15.1,2,Febrero,Miércoles,False,1.7
497,2026-02-25,Sede Norte,Bogota,Iluminacion,9.07,14.6,2,Febrero,Miércoles,False,1.09
499,2026-02-25,Sede Sur,Medellin,Climatizacion,17.97,16.3,2,Febrero,Miércoles,False,2.16
501,2026-02-25,Sede Sur,Medellin,Equipamentos,10.56,15.0,2,Febrero,Miércoles,False,1.27
500,2026-02-25,Sede Sur,Medellin,Iluminacion,15.83,14.6,2,Febrero,Miércoles,False,1.9
511,2026-02-26,Planta Industrial,Cali,Climatizacion,35.24,17.5,2,Febrero,Jueves,False,4.23
513,2026-02-26,Planta Industrial,Cali,Equipamentos,21.61,17.4,2,Febrero,Jueves,False,2.59
512,2026-02-26,Planta Industrial,Cali,Iluminacion,13.51,15.6,2,Febrero,Jueves,False,1.62
505,2026-02-26,Sede Norte,Bogota,Climatizacion,22.11,14.3,2,Febrero,Jueves,False,2.65
507,2026-02-26,Sede Norte,Bogota,Equipamentos,12.73,14.7,2,Febrero,Jueves,False,1.53
506,2026-02-26,Sede Norte,Bogota,Iluminacion,9.35,14.7,2,Febrero,Jueves,False,1.12
508,2026-02-26,Sede Sur,Medellin,Climatizacion,18.89,15.0,2,Febrero,Jueves,False,2.27
510,2026-02-26,Sede Sur,Medellin,Equipamentos,12.27,14.4,2,Febrero,Jueves,False,1.47
509,2026-02-26,Sede Sur,Medellin,Iluminacion,15.52,14.9,2,Febrero,Jueves,False,1.86
520,2026-02-27,Planta Industrial,Cali,Climatizacion,33.08,17.5,2,Febrero,Viernes,False,3.97
522,2026-02-27,Planta Industrial,Cali,Equipamentos,20.67,18.1,2,Febrero,Viernes,False,2.48
518,2026-02-27,Planta Industrial,Medellin,Iluminacion,15.32,14.2,2,Febrero,Viernes,False,1.84
521,2026-02-27,Planta Industrial,Cali,Iluminacion,14.19,16.1,2,Febrero,Viernes,False,1.7
514,2026-02-27,Sede Norte,Bogota,Climatizacion,24.26,16.4,2,Febrero,Viernes,False,2.91
516,2026-02-27,Sede Norte,Bogota,Equipamentos,12.5,15.0,2,Febrero,Viernes,False,1.5
515,2026-02-27,Sede Norte,Bogota,Iluminacion,8.99,14.9,2,Febrero,Viernes,False,1.08
517,2026-02-27,Sede Sur,Medellin,Climatizacion,18.07,14.4,2,Febrero,Viernes,False,2.17
519,2026-02-27,Sede Sur,Medellin,Equipamentos,11.54,16.1,2,Febrero,Viernes,False,1.38
529,2026-02-28,Planta Industrial,Cali,Climatizacion,20.65442159383033,16.5,2,Febrero,Sábado,True,2.48
531,2026-02-28,Planta Industrial,Cali,Equipamentos,15.26,17.6,2,Febrero,Sábado,True,1.83
530,2026-02-28,Planta Industrial,Cali,Iluminacion,11.8,16.3,2,Febrero,Sábado,True,1.42
525,2026-02-28,Sede Norte,Bogota,Climatizacion,7.65,14.3,2,Febrero,Sábado,True,0.92
526,2026-02-28,Sede Sur,Medellin,Climatizacion,12.51,16.1,2,Febrero,Sábado,True,1.5
528,2026-02-28,Sede Sur,Medellin,Equipamentos,6.19,15.6,2,Febrero,Sábado,True,0.74
524,2026-02-28,Sede Sur,Bogota,Iluminacion,5.52,15.0,2,Febrero,Sábado,True,0.66
527,2026-02-28,Sede Sur,Medellin,Iluminacion,9.3,15.1,2,Febrero,Sábado,True,1.12
538,2026-03-01,Planta Industrial,Cali,Climatizacion,37.43,17.7,3,Marzo,Domingo,True,4.49
540,2026-03-01,Planta Industrial,Cali,Equipamentos,16.3,18.5,3,Marzo,Domingo,True,1.96
539,2026-03-01,Planta Industrial,Cali,Iluminacion,10.8,17.2,3,Marzo,Domingo,True,1.3
532,2026-03-01,Sede Norte,Bogota,Climatizacion,14.11,14.4,3,Marzo,Domingo,True,1.69
534,2026-03-01,Sede Norte,Bogota,Equipamentos,7.37,15.0,3,Marzo,Domingo,True,0.88
533,2026-03-01,Sede Norte,Bogota,Iluminacion,5.2,14.5,3,Marzo,Domingo,True,0.62
535,2026-03-01,Sede Sur,Medellin,Climatizacion,10.58,14.2,3,Marzo,Domingo,True,1.27
537,2026-03-01,Sede Sur,Medellin,Equipamentos,6.49,16.1,3,Marzo,Domingo,True,0.78
547,2026-03-02,Planta Industrial,Cali,Climatizacion,50.3,18.4,3,Marzo,Lunes,False,6.04
549,2026-03-02,Planta Industrial,Cali,Equipamentos,19.64,17.3,3,Marzo,Lunes,False,2.36
548,2026-03-02,Planta Industrial,Cali,Iluminacion,12.75,17.4,3,Marzo,Lunes,False,1.53
541,2026-03-02,Sede Norte,Bogota,Climatizacion,23.14,16.6,3,Marzo,Lunes,False,2.78
543,2026-03-02,Sede Norte,Bogota,Equipamentos,13.24,16.8,3,Marzo,Lunes,False,1.59
542,2026-03-02,Sede Norte,Bogota,Iluminacion,9.19,16.8,3,Marzo,Lunes,False,1.1
544,2026-03-02,Sede Sur,Medellin,Climatizacion,19.46,16.3,3,Marzo,Lunes,False,2.34
546,2026-03-02,Sede Sur,Medellin,Equipamentos,11.16,15.8,3,Marzo,Lunes,False,1.34
545,2026-03-02,Sede Sur,Medellin,Iluminacion,7.7,15.8,3,Marzo,Lunes,False,0.92
556,2026-03-03,Planta Industrial,Cali,Climatizacion,52.37,17.5,3,Marzo,Martes,False,6.28
558,2026-03-03,Planta Industrial,Cali,Equipamentos,20.19,15.9,3,Marzo,Martes,False,2.42
557,2026-03-03,Planta Industrial,Cali,Iluminacion,14.52,18.0,3,Marzo,Martes,False,1.74
550,2026-03-03,Sede Norte,Bogota,Climatizacion,22.21,15.0,3,Marzo,Martes,False,2.67
552,2026-03-03,Sede Norte,Bogota,Equipamentos,13.58,15.1,3,Marzo,Martes,False,1.63
551,2026-03-03,Sede Norte,Bogota,Iluminacion,8.55,16.0,3,Marzo,Martes,False,1.03
553,2026-03-03,Sede Sur,Medellin,Climatizacion,20.65442159383033,15.7,3,Marzo,Martes,False,2.48
555,2026-03-03,Sede Sur,Medellin,Equipamentos,11.5,16.3,3,Marzo,Martes,False,1.38
565,2026-03-04,Planta Industrial,Cali,Climatizacion,48.41,17.1,3,Marzo,Miércoles,False,5.81
567,2026-03-04,Planta Industrial,Cali,Equipamentos,21.7,16.7,3,Marzo,Miércoles,False,2.6
566,2026-03-04,Planta Industrial,Cali,Iluminacion,20.65442159383033,16.3,3,Marzo,Miércoles,False,2.48
559,2026-03-04,Sede Norte,Bogota,Climatizacion,20.95,16.5,3,Marzo,Miércoles,False,2.51
561,2026-03-04,Sede Norte,Bogota,Equipamentos,12.73,17.1,3,Marzo,Miércoles,False,1.53
560,2026-03-04,Sede Norte,Bogota,Iluminacion,8.36,17.2,3,Marzo,Miércoles,False,1.0
562,2026-03-04,Sede Sur,Medellin,Climatizacion,20.32,16.9,3,Marzo,Miércoles,False,2.44
564,2026-03-04,Sede Sur,Medellin,Equipamentos,12.2,14.9,3,Marzo,Miércoles,False,1.46
563,2026-03-04,Sede Sur,Medellin,Iluminacion,8.19,15.4,3,Marzo,Miércoles,False,0.98
574,2026-03-05,Planta Industrial,Cali,Climatizacion,53.25,17.3,3,Marzo,Jueves,False,6.39
576,2026-03-05,Planta Industrial,Cali,Equipamentos,20.88,16.2,3,Marzo,Jueves,False,2.51
575,2026-03-05,Planta Industrial,Cali,Iluminacion,14.3,17.2,3,Marzo,Jueves,False,1.72
568,2026-03-05,Sede Norte,Bogota,Climatizacion,22.97,16.9,3,Marzo,Jueves,False,2.76
570,2026-03-05,Sede Norte,Bogota,Equipamentos,13.89,17.3,3,Marzo,Jueves,False,1.67
569,2026-03-05,Sede Norte,Bogota,Iluminacion,9.81,14.5,3,Marzo,Jueves,False,1.18
571,2026-03-05,Sede Sur,Medellin,Climatizacion,19.24,15.6,3,Marzo,Jueves,False,2.31
573,2026-03-05,Sede Sur,Medellin,Equipamentos,11.62,16.8,3,Marzo,Jueves,False,1.39
572,2026-03-05,Sede Sur,Medellin,Iluminacion,7.54,17.2,3,Marzo,Jueves,False,0.9
583,2026-03-06,Planta Industrial,Cali,Climatizacion,52.13,18.5,3,Marzo,Viernes,False,6.26
585,2026-03-06,Planta Industrial,Cali,Equipamentos,21.26,16.8,3,Marzo,Viernes,False,2.55
584,2026-03-06,Planta Industrial,Cali,Iluminacion,14.86,16.8,3,Marzo,Viernes,False,1.78
577,2026-03-06,Sede Norte,Bogota,Climatizacion,23.42,14.7,3,Marzo,Viernes,False,2.81
579,2026-03-06,Sede Norte,Bogota,Equipamentos,12.53,14.9,3,Marzo,Viernes,False,1.5
578,2026-03-06,Sede Norte,Bogota,Iluminacion,8.18,14.6,3,Marzo,Viernes,False,0.98
580,2026-03-06,Sede Sur,Medellin,Climatizacion,18.45,16.1,3,Marzo,Viernes,False,2.21
582,2026-03-06,Sede Sur,Medellin,Equipamentos,11.75,17.3,3,Marzo,Viernes,False,1.41
581,2026-03-06,Sede Sur,Medellin,Iluminacion,8.34,15.4,3,Marzo,Viernes,False,1.0
592,2026-03-07,Planta Industrial,Cali,Climatizacion,37.58,17.3,3,Marzo,Sábado,True,4.51
594,2026-03-07,Planta Industrial,Cali,Equipamentos,17.25,18.3,3,Marzo,Sábado,True,2.07
593,2026-03-07,Planta Industrial,Cali,Iluminacion,11.07,18.6,3,Marzo,Sábado,True,1.33
586,2026-03-07,Sede Norte,Bogota,Climatizacion,20.65442159383033,15.8,3,Marzo,Sábado,True,2.48
588,2026-03-07,Sede Norte,Bogota,Equipamentos,8.72,15.6,3,Marzo,Sábado,True,1.05
587,2026-03-07,Sede Norte,Bogota,Iluminacion,5.85,17.0,3,Marzo,Sábado,True,0.7
589,2026-03-07,Sede Sur,Medellin,Climatizacion,11.76,15.7,3,Marzo,Sábado,True,1.41
591,2026-03-07,Sede Sur,Medellin,Equipamentos,6.75,14.9,3,Marzo,Sábado,True,0.81
590,2026-03-07,Sede Sur,Medellin,Iluminacion,4.81,17.7,3,Marzo,Sábado,True,0.58
601,2026-03-08,Planta Industrial,Cali,Climatizacion,41.82,17.4,3,Marzo,Domingo,True,5.02
603,2026-03-08,Planta Industrial,Cali,Equipamentos,16.25,16.6,3,Marzo,Domingo,True,1.95
602,2026-03-08,Planta Industrial,Cali,Iluminacion,11.69,16.8,3,Marzo,Domingo,True,1.4
595,2026-03-08,Sede Norte,Bogota,Climatizacion,20.65442159383033,16.3,3,Marzo,Domingo,True,2.48
597,2026-03-08,Sede Norte,Bogota,Equipamentos,8.33,15.3,3,Marzo,Domingo,True,1.0
596,2026-03-08,Sede Norte,Bogota,Iluminacion,5.82,16.8,3,Marzo,Domingo,True,0.7
598,2026-03-08,Sede Sur,Medellin,Climatizacion,11.04,16.2,3,Marzo,Domingo,True,1.32
600,2026-03-08,Sede Sur,Medellin,Equipamentos,7.38,14.8,3,Marzo,Domingo,True,0.89
599,2026-03-08,Sede Sur,Medellin,Iluminacion,4.99,16.9,3,Marzo,Domingo,True,0.6
610,2026-03-09,Planta Industrial,Cali,Climatizacion,52.33,19.2,3,Marzo,Lunes,False,6.28
612,2026-03-09,Planta Industrial,Cali,Equipamentos,19.01,16.7,3,Marzo,Lunes,False,2.28
611,2026-03-09,Planta Industrial,Cali,Iluminacion,13.65,16.8,3,Marzo,Lunes,False,1.64
604,2026-03-09,Sede Norte,Bogota,Climatizacion,23.2,17.8,3,Marzo,Lunes,False,2.78
606,2026-03-09,Sede Norte,Bogota,Equipamentos,13.48,16.3,3,Marzo,Lunes,False,1.62
605,2026-03-09,Sede Norte,Bogota,Iluminacion,8.93,17.2,3,Marzo,Lunes,False,1.07
607,2026-03-09,Sede Sur,Medellin,Climatizacion,19.85,17.2,3,Marzo,Lunes,False,2.38
609,2026-03-09,Sede Sur,Medellin,Equipamentos,11.56,16.5,3,Marzo,Lunes,False,1.39
608,2026-03-09,Sede Sur,Medellin,Iluminacion,7.51,15.5,3,Marzo,Lunes,False,0.9
619,2026-03-10,Planta Industrial,Cali,Climatizacion,20.65442159383033,18.4,3,Marzo,Martes,False,2.48
621,2026-03-10,Planta Industrial,Cali,Equipamentos,18.92,17.6,3,Marzo,Martes,False,2.27
620,2026-03-10,Planta Industrial,Cali,Iluminacion,14.11,19.2,3,Marzo,Martes,False,1.69
613,2026-03-10,Sede Norte,Bogota,Climatizacion,21.07,15.2,3,Marzo,Martes,False,2.53
615,2026-03-10,Sede Norte,Bogota,Equipamentos,20.65442159383033,17.4,3,Marzo,Martes,False,2.48
614,2026-03-10,Sede Norte,Bogota,Iluminacion,9.3,17.3,3,Marzo,Martes,False,1.12
616,2026-03-10,Sede Sur,Medellin,Climatizacion,20.79,15.4,3,Marzo,Martes,False,2.49
618,2026-03-10,Sede Sur,Medellin,Equipamentos,11.16,15.0,3,Marzo,Martes,False,1.34
617,2026-03-10,Sede Sur,Medellin,Iluminacion,8.28,17.4,3,Marzo,Martes,False,0.99
628,2026-03-11,Planta Industrial,Cali,Climatizacion,51.89,17.8,3,Marzo,Miércoles,False,6.23
630,2026-03-11,Planta Industrial,Cali,Equipamentos,21.8,18.7,3,Marzo,Miércoles,False,2.62
629,2026-03-11,Planta Industrial,Cali,Iluminacion,14.63,19.4,3,Marzo,Miércoles,False,1.76
622,2026-03-11,Sede Norte,Bogota,Climatizacion,24.67,17.5,3,Marzo,Miércoles,False,2.96
624,2026-03-11,Sede Norte,Bogota,Equipamentos,12.8,16.1,3,Marzo,Miércoles,False,1.54
623,2026-03-11,Sede Norte,Bogota,Iluminacion,9.29,17.8,3,Marzo,Miércoles,False,1.11
625,2026-03-11,Sede Sur,Medellin,Climatizacion,20.65,17.4,3,Marzo,Miércoles,False,2.48
627,2026-03-11,Sede Sur,Medellin,Equipamentos,11.43,16.8,3,Marzo,Miércoles,False,1.37
626,2026-03-11,Sede Sur,Medellin,Iluminacion,7.11,17.9,3,Marzo,Miércoles,False,0.85
637,2026-03-12,Planta Industrial,Cali,Climatizacion,53.46,16.7,3,Marzo,Jueves,False,6.42
639,2026-03-12,Planta Industrial,Cali,Equipamentos,21.4,17.9,3,Marzo,Jueves,False,2.57
638,2026-03-12,Planta Industrial,Cali,Iluminacion,13.38,17.6,3,Marzo,Jueves,False,1.61
631,2026-03-12,Sede Norte,Bogota,Climatizacion,22.67,17.1,3,Marzo,Jueves,False,2.72
633,2026-03-12,Sede Norte,Bogota,Equipamentos,13.89,15.5,3,Marzo,Jueves,False,1.67
632,2026-03-12,Sede Norte,Bogota,Iluminacion,9.5,15.9,3,Marzo,Jueves,False,1.14
634,2026-03-12,Sede Sur,Medellin,Climatizacion,19.23,16.3,3,Marzo,Jueves,False,2.31
636,2026-03-12,Sede Sur,Medellin,Equipamentos,10.81,18.1,3,Marzo,Jueves,False,1.3
635,2026-03-12,Sede Sur,Medellin,Iluminacion,7.57,17.1,3,Marzo,Jueves,False,0.91
646,2026-03-13,Planta Industrial,Cali,Climatizacion,45.58,17.8,3,Marzo,Viernes,False,5.47
648,2026-03-13,Planta Industrial,Cali,Equipamentos,21.51,19.1,3,Marzo,Viernes,False,2.58
647,2026-03-13,Planta Industrial,Cali,Iluminacion,14.97,18.4,3,Marzo,Viernes,False,1.8
640,2026-03-13,Sede Norte,Bogota,Climatizacion,23.43,18.2,3,Marzo,Viernes,False,2.81
642,2026-03-13,Sede Norte,Bogota,Equipamentos,13.5,16.6,3,Marzo,Viernes,False,1.62
641,2026-03-13,Sede Norte,Bogota,Iluminacion,9.06,16.2,3,Marzo,Viernes,False,1.09
643,2026-03-13,Sede Sur,Medellin,Climatizacion,17.74,16.5,3,Marzo,Viernes,False,2.13
645,2026-03-13,Sede Sur,Medellin,Equipamentos,12.12,15.8,3,Marzo,Viernes,False,1.45
644,2026-03-13,Sede Sur,Medellin,Iluminacion,7.43,16.4,3,Marzo,Viernes,False,0.89
655,2026-03-14,Planta Industrial,Cali,Climatizacion,36.84,18.5,3,Marzo,Sábado,True,4.42
657,2026-03-14,Planta Industrial,Cali,Equipamentos,16.98,18.6,3,Marzo,Sábado,True,2.04
656,2026-03-14,Planta Industrial,Cali,Iluminacion,12.03,18.1,3,Marzo,Sábado,True,1.44
649,2026-03-14,Sede Norte,Bogota,Climatizacion,13.06,17.5,3,Marzo,Sábado,True,1.57
651,2026-03-14,Sede Norte,Bogota,Equipamentos,20.65442159383033,16.4,3,Marzo,Sábado,True,2.48
650,2026-03-14,Sede Norte,Bogota,Iluminacion,5.14,15.8,3,Marzo,Sábado,True,0.62
652,2026-03-14,Sede Sur,Medellin,Climatizacion,10.6,16.7,3,Marzo,Sábado,True,1.27
654,2026-03-14,Sede Sur,Medellin,Equipamentos,7.25,15.9,3,Marzo,Sábado,True,0.87
653,2026-03-14,Sede Sur,Medellin,Iluminacion,4.33,15.7,3,Marzo,Sábado,True,0.52
664,2026-03-15,Planta Industrial,Cali,Climatizacion,37.17,17.2,3,Marzo,Domingo,True,4.46
666,2026-03-15,Planta Industrial,Cali,Equipamentos,18.44,18.9,3,Marzo,Domingo,True,2.21
665,2026-03-15,Planta Industrial,Cali,Iluminacion,10.72,18.1,3,Marzo,Domingo,True,1.29
658,2026-03-15,Sede Norte,Bogota,Climatizacion,12.68,16.6,3,Marzo,Domingo,True,1.52
660,2026-03-15,Sede Norte,Bogota,Equipamentos,7.38,17.8,3,Marzo,Domingo,True,0.89
659,2026-03-15,Sede Norte,Bogota,Iluminacion,4.94,17.3,3,Marzo,Domingo,True,0.59
661,2026-03-15,Sede Sur,Medellin,Climatizacion,11.13,17.7,3,Marzo,Domingo,True,1.34
663,2026-03-15,Sede Sur,Medellin,Equipamentos,6.89,15.8,3,Marzo,Domingo,True,0.83
662,2026-03-15,Sede Sur,Medellin,Iluminacion,4.64,17.5,3,Marzo,Domingo,True,0.56
673,2026-03-16,Planta Industrial,Cali,Climatizacion,50.13,18.8,3,Marzo,Lunes,False,6.02
675,2026-03-16,Planta Industrial,Cali,Equipamentos,22.38,17.2,3,Marzo,Lunes,False,2.69
674,2026-03-16,Planta Industrial,Cali,Iluminacion,13.31,19.3,3,Marzo,Lunes,False,1.6
667,2026-03-16,Sede Norte,Bogota,Climatizacion,24.02,16.6,3,Marzo,Lunes,False,2.88
669,2026-03-16,Sede Norte,Bogota,Equipamentos,13.6,16.6,3,Marzo,Lunes,False,1.63
668,2026-03-16,Sede Norte,Bogota,Iluminacion,9.38,16.2,3,Marzo,Lunes,False,1.13
670,2026-03-16,Sede Sur,Medellin,Climatizacion,20.24,15.8,3,Marzo,Lunes,False,2.43
672,2026-03-16,Sede Sur,Medellin,Equipamentos,12.11,16.4,3,Marzo,Lunes,False,1.45
671,2026-03-16,Sede Sur,Medellin,Iluminacion,7.54,16.2,3,Marzo,Lunes,False,0.9
682,2026-03-17,Planta Industrial,Cali,Climatizacion,52.13,19.2,3,Marzo,Martes,False,6.26
684,2026-03-17,Planta Industrial,Cali,Equipamentos,21.91,17.5,3,Marzo,Martes,False,2.63
683,2026-03-17,Planta Industrial,Cali,Iluminacion,15.18,18.3,3,Marzo,Martes,False,1.82
676,2026-03-17,Sede Norte,Bogota,Climatizacion,23.91,16.6,3,Marzo,Martes,False,2.87
678,2026-03-17,Sede Norte,Bogota,Equipamentos,14.46,15.9,3,Marzo,Martes,False,1.74
677,2026-03-17,Sede Norte,Bogota,Iluminacion,9.23,18.5,3,Marzo,Martes,False,1.11
679,2026-03-17,Sede Sur,Medellin,Climatizacion,18.03,17.5,3,Marzo,Martes,False,2.16
681,2026-03-17,Sede Sur,Medellin,Equipamentos,12.33,16.0,3,Marzo,Martes,False,1.48
680,2026-03-17,Sede Sur,Medellin,Iluminacion,7.61,16.2,3,Marzo,Martes,False,0.91
691,2026-03-18,Planta Industrial,Cali,Climatizacion,52.48,18.7,3,Marzo,Miércoles,False,6.3
693,2026-03-18,Planta Industrial,Cali,Equipamentos,20.04,18.5,3,Marzo,Miércoles,False,2.4
692,2026-03-18,Planta Industrial,Cali,Iluminacion,14.75,20.1,3,Marzo,Miércoles,False,1.77
685,2026-03-18,Sede Norte,Bogota,Climatizacion,20.27,16.5,3,Marzo,Miércoles,False,2.43
687,2026-03-18,Sede Norte,Bogota,Equipamentos,20.65442159383033,18.0,3,Marzo,Miércoles,False,2.48
686,2026-03-18,Sede Norte,Bogota,Iluminacion,20.65442159383033,16.1,3,Marzo,Miércoles,False,2.48
688,2026-03-18,Sede Sur,Medellin,Climatizacion,19.43,17.2,3,Marzo,Miércoles,False,2.33
690,2026-03-18,Sede Sur,Medellin,Equipamentos,12.36,17.7,3,Marzo,Miércoles,False,1.48
689,2026-03-18,Sede Sur,Medellin,Iluminacion,7.81,16.5,3,Marzo,Miércoles,False,0.94
700,2026-03-19,Planta Industrial,Cali,Climatizacion,44.52,19.3,3,Marzo,Jueves,False,5.34
702,2026-03-19,Planta Industrial,Cali,Equipamentos,21.4,20.2,3,Marzo,Jueves,False,2.57
701,2026-03-19,Planta Industrial,Cali,Iluminacion,20.65442159383033,18.6,3,Marzo,Jueves,False,2.48
694,2026-03-19,Sede Norte,Bogota,Climatizacion,23.99,16.1,3,Marzo,Jueves,False,2.88
696,2026-03-19,Sede Norte,Bogota,Equipamentos,12.27,17.2,3,Marzo,Jueves,False,1.47
695,2026-03-19,Sede Norte,Bogota,Iluminacion,9.11,16.2,3,Marzo,Jueves,False,1.09
697,2026-03-19,Sede Sur,Medellin,Climatizacion,20.23,16.5,3,Marzo,Jueves,False,2.43
699,2026-03-19,Sede Sur,Medellin,Equipamentos,10.47,18.5,3,Marzo,Jueves,False,1.26
698,2026-03-19,Sede Sur,Medellin,Iluminacion,8.25,17.4,3,Marzo,Jueves,False,0.99
709,2026-03-20,Planta Industrial,Cali,Climatizacion,45.55,17.9,3,Marzo,Viernes,False,5.47
711,2026-03-20,Planta Industrial,Cali,Equipamentos,21.0,17.5,3,Marzo,Viernes,False,2.52
710,2026-03-20,Planta Industrial,Cali,Iluminacion,13.4,20.1,3,Marzo,Viernes,False,1.61
703,2026-03-20,Sede Norte,Bogota,Climatizacion,22.54,16.5,3,Marzo,Viernes,False,2.7
705,2026-03-20,Sede Norte,Bogota,Equipamentos,14.52,17.0,3,Marzo,Viernes,False,1.74
704,2026-03-20,Sede Norte,Bogota,Iluminacion,8.45,17.5,3,Marzo,Viernes,False,1.01
706,2026-03-20,Sede Sur,Medellin,Climatizacion,20.05,18.8,3,Marzo,Viernes,False,2.41
708,2026-03-20,Sede Sur,Medellin,Equipamentos,12.16,17.3,3,Marzo,Viernes,False,1.46
707,2026-03-20,Sede Sur,Medellin,Iluminacion,20.65442159383033,16.1,3,Marzo,Viernes,False,2.48
718,2026-03-21,Planta Industrial,Cali,Climatizacion,39.02,20.2,3,Marzo,Sábado,True,4.68
720,2026-03-21,Planta Industrial,Cali,Equipamentos,15.62,18.5,3,Marzo,Sábado,True,1.87
719,2026-03-21,Planta Industrial,Cali,Iluminacion,11.4,18.8,3,Marzo,Sábado,True,1.37
712,2026-03-21,Sede Norte,Bogota,Climatizacion,14.41,19.0,3,Marzo,Sábado,True,1.73
714,2026-03-21,Sede Norte,Bogota,Equipamentos,8.65,18.4,3,Marzo,Sábado,True,1.04
713,2026-03-21,Sede Norte,Bogota,Iluminacion,5.93,17.2,3,Marzo,Sábado,True,0.71
715,2026-03-21,Sede Sur,Medellin,Climatizacion,11.16,17.9,3,Marzo,Sábado,True,1.34
717,2026-03-21,Sede Sur,Medellin,Equipamentos,6.91,18.8,3,Marzo,Sábado,True,0.83
716,2026-03-21,Sede Sur,Medellin,Iluminacion,4.53,18.7,3,Marzo,Sábado,True,0.54
727,2026-03-22,Planta Industrial,Cali,Climatizacion,42.35,17.6,3,Marzo,Domingo,True,5.08
729,2026-03-22,Planta Industrial,Cali,Equipamentos,17.26,19.2,3,Marzo,Domingo,True,2.07
728,2026-03-22,Planta Industrial,Cali,Iluminacion,10.91,18.6,3,Marzo,Domingo,True,1.31
721,2026-03-22,Sede Norte,Bogota,Climatizacion,14.45,17.9,3,Marzo,Domingo,True,1.73
723,2026-03-22,Sede Norte,Bogota,Equipamentos,8.55,18.5,3,Marzo,Domingo,True,1.03
722,2026-03-22,Sede Norte,Bogota,Iluminacion,5.79,16.9,3,Marzo,Domingo,True,0.69
724,2026-03-22,Sede Sur,Medellin,Climatizacion,20.65442159383033,17.3,3,Marzo,Domingo,True,2.48
726,2026-03-22,Sede Sur,Medellin,Equipamentos,6.94,16.4,3,Marzo,Domingo,True,0.83
725,2026-03-22,Sede Sur,Medellin,Iluminacion,4.63,18.5,3,Marzo,Domingo,True,0.56
736,2026-03-23,Planta Industrial,Cali,Climatizacion,45.16,18.1,3,Marzo,Lunes,False,5.42
738,2026-03-23,Planta Industrial,Cali,Equipamentos,23.08,20.2,3,Marzo,Lunes,False,2.77
737,2026-03-23,Planta Industrial,Cali,Iluminacion,14.02,18.6,3,Marzo,Lunes,False,1.68
730,2026-03-23,Sede Norte,Bogota,Climatizacion,22.43,17.9,3,Marzo,Lunes,False,2.69
732,2026-03-23,Sede Norte,Bogota,Equipamentos,13.5,17.5,3,Marzo,Lunes,False,1.62
731,2026-03-23,Sede Norte,Bogota,Iluminacion,9.62,18.1,3,Marzo,Lunes,False,1.15
734,2026-03-23,Sede Sur,Medellin,Iluminacion,7.33,16.7,3,Marzo,Lunes,False,0.88
733,2026-03-23,Sede Sur,Medellin,Iluminacion,17.11,18.6,3,Marzo,Lunes,False,2.05
745,2026-03-24,Planta Industrial,Cali,Climatizacion,53.27,18.3,3,Marzo,Martes,False,6.39
744,2026-03-24,Planta Industrial,Medellin,Equipamentos,10.43,18.1,3,Marzo,Martes,False,1.25
747,2026-03-24,Planta Industrial,Cali,Equipamentos,21.95,18.6,3,Marzo,Martes,False,2.63
746,2026-03-24,Planta Industrial,Cali,Iluminacion,12.83,18.6,3,Marzo,Martes,False,1.54
739,2026-03-24,Sede Norte,Bogota,Climatizacion,22.99,18.8,3,Marzo,Martes,False,2.76
741,2026-03-24,Sede Norte,Bogota,Equipamentos,14.36,18.2,3,Marzo,Martes,False,1.72
740,2026-03-24,Sede Norte,Bogota,Iluminacion,8.21,16.4,3,Marzo,Martes,False,0.99
743,2026-03-24,Sede Sur,Medellin,Iluminacion,7.71,17.9,3,Marzo,Martes,False,0.93
754,2026-03-25,Planta Industrial,Cali,Climatizacion,45.41,20.5,3,Marzo,Miércoles,False,5.45
756,2026-03-25,Planta Industrial,Cali,Equipamentos,19.02,20.1,3,Marzo,Miércoles,False,2.28
749,2026-03-25,Planta Industrial,Bogota,Iluminacion,8.96,17.2,3,Marzo,Miércoles,False,1.08
755,2026-03-25,Planta Industrial,Cali,Iluminacion,13.62,19.2,3,Marzo,Miércoles,False,1.63
748,2026-03-25,Sede Norte,Bogota,Climatizacion,21.2,17.2,3,Marzo,Miércoles,False,2.54
750,2026-03-25,Sede Norte,Bogota,Equipamentos,12.96,18.6,3,Marzo,Miércoles,False,1.56
751,2026-03-25,Sede Sur,Medellin,Climatizacion,20.81,19.0,3,Marzo,Miércoles,False,2.5
753,2026-03-25,Sede Sur,Medellin,Equipamentos,12.37,17.3,3,Marzo,Miércoles,False,1.48
752,2026-03-25,Sede Sur,Medellin,Iluminacion,6.95,18.8,3,Marzo,Miércoles,False,0.83
763,2026-03-26,Planta Industrial,Cali,Climatizacion,45.3,19.7,3,Marzo,Jueves,False,5.44
765,2026-03-26,Planta Industrial,Cali,Equipamentos,22.94,18.1,3,Marzo,Jueves,False,2.75
764,2026-03-26,Planta Industrial,Cali,Iluminacion,13.15,18.8,3,Marzo,Jueves,False,1.58
757,2026-03-26,Sede Norte,Bogota,Climatizacion,23.62,17.4,3,Marzo,Jueves,False,2.83
759,2026-03-26,Sede Norte,Bogota,Equipamentos,13.94,18.2,3,Marzo,Jueves,False,1.67
758,2026-03-26,Sede Norte,Bogota,Iluminacion,8.17,19.1,3,Marzo,Jueves,False,0.98
762,2026-03-26,Sede Sur,Medellin,Equipamentos,10.56,16.8,3,Marzo,Jueves,False,1.27
761,2026-03-26,Sede Sur,Medellin,Iluminacion,7.14,19.4,3,Marzo,Jueves,False,0.86
772,2026-03-27,Planta Industrial,Cali,Climatizacion,52.11,18.3,3,Marzo,Viernes,False,6.25
774,2026-03-27,Planta Industrial,Cali,Equipamentos,20.11,18.7,3,Marzo,Viernes,False,2.41
773,2026-03-27,Planta Industrial,Cali,Iluminacion,14.08,18.2,3,Marzo,Viernes,False,1.69
766,2026-03-27,Sede Norte,Bogota,Climatizacion,24.59,17.6,3,Marzo,Viernes,False,2.95
768,2026-03-27,Sede Norte,Bogota,Equipamentos,12.18,19.4,3,Marzo,Viernes,False,1.46
767,2026-03-27,Sede Norte,Bogota,Iluminacion,20.65442159383033,18.7,3,Marzo,Viernes,False,2.48
769,2026-03-27,Sede Sur,Medellin,Climatizacion,17.22,19.5,3,Marzo,Viernes,False,2.07
771,2026-03-27,Sede Sur,Medellin,Equipamentos,12.0,16.6,3,Marzo,Viernes,False,1.44
770,2026-03-27,Sede Sur,Medellin,Iluminacion,7.68,17.3,3,Marzo,Viernes,False,0.92
781,2026-03-28,Planta Industrial,Cali,Climatizacion,36.1,18.2,3,Marzo,Sábado,True,4.33
783,2026-03-28,Planta Industrial,Cali,Equipamentos,16.57,21.0,3,Marzo,Sábado,True,1.99
782,2026-03-28,Planta Industrial,Cali,Iluminacion,11.57,20.0,3,Marzo,Sábado,True,1.39
775,2026-03-28,Sede Norte,Bogota,Climatizacion,13.15,18.1,3,Marzo,Sábado,True,1.58
777,2026-03-28,Sede Norte,Bogota,Equipamentos,7.58,17.2,3,Marzo,Sábado,True,0.91
776,2026-03-28,Sede Norte,Bogota,Iluminacion,5.57,17.8,3,Marzo,Sábado,True,0.67
778,2026-03-28,Sede Sur,Medellin,Climatizacion,10.94,18.7,3,Marzo,Sábado,True,1.31
780,2026-03-28,Sede Sur,Medellin,Equipamentos,6.19,18.1,3,Marzo,Sábado,True,0.74
790,2026-03-29,Planta Industrial,Cali,Climatizacion,39.79,20.3,3,Marzo,Domingo,True,4.77
792,2026-03-29,Planta Industrial,Cali,Equipamentos,17.92,19.7,3,Marzo,Domingo,True,2.15
791,2026-03-29,Planta Industrial,Cali,Iluminacion,11.09,20.8,3,Marzo,Domingo,True,1.33
784,2026-03-29,Sede Norte,Bogota,Climatizacion,13.08,18.9,3,Marzo,Domingo,True,1.57
786,2026-03-29,Sede Norte,Bogota,Equipamentos,8.59,18.9,3,Marzo,Domingo,True,1.03
785,2026-03-29,Sede Norte,Bogota,Iluminacion,5.31,17.0,3,Marzo,Domingo,True,0.64
787,2026-03-29,Sede Sur,Medellin,Climatizacion,12.16,19.6,3,Marzo,Domingo,True,1.46
789,2026-03-29,Sede Sur,Medellin,Equipamentos,6.81,18.3,3,Marzo,Domingo,True,0.82
788,2026-03-29,Sede Sur,Medellin,Iluminacion,4.61,18.4,3,Marzo,Domingo,True,0.55
799,2026-03-30,Planta Industrial,Cali,Climatizacion,50.96,19.7,3,Marzo,Lunes,False,6.12
801,2026-03-30,Planta Industrial,Cali,Equipamentos,20.51,20.2,3,Marzo,Lunes,False,2.46
800,2026-03-30,Planta Industrial,Cali,Iluminacion,14.55,21.1,3,Marzo,Lunes,False,1.75
793,2026-03-30,Sede Norte,Bogota,Climatizacion,22.61,18.9,3,Marzo,Lunes,False,2.71
795,2026-03-30,Sede Norte,Bogota,Equipamentos,12.85,18.7,3,Marzo,Lunes,False,1.54
794,2026-03-30,Sede Norte,Bogota,Iluminacion,9.55,18.5,3,Marzo,Lunes,False,1.15
796,2026-03-30,Sede Sur,Medellin,Climatizacion,19.4,17.8,3,Marzo,Lunes,False,2.33
798,2026-03-30,Sede Sur,Medellin,Equipamentos,10.79,19.5,3,Marzo,Lunes,False,1.29
797,2026-03-30,Sede Sur,Medellin,Iluminacion,7.54,17.0,3,Marzo,Lunes,False,0.9
808,2026-03-31,Planta Industrial,Cali,Climatizacion,46.14,21.1,3,Marzo,Martes,False,5.54
810,2026-03-31,Planta Industrial,Cali,Equipamentos,21.61,21.4,3,Marzo,Martes,False,2.59
809,2026-03-31,Planta Industrial,Cali,Iluminacion,12.94,18.7,3,Marzo,Martes,False,1.55
804,2026-03-31,Sede Norte,Bogota,Equipamentos,14.18,17.0,3,Marzo,Martes,False,1.7
803,2026-03-31,Sede Norte,Bogota,Iluminacion,9.51,18.0,3,Marzo,Martes,False,1.14
805,2026-03-31,Sede Sur,Medellin,Climatizacion,18.26,19.2,3,Marzo,Martes,False,2.19
802,2026-03-31,Sede Sur,Bogota,Climatizacion,23.14,18.3,3,Marzo,Martes,False,2.78
807,2026-03-31,Sede Sur,Medellin,Equipamentos,12.05,18.7,3,Marzo,Martes,False,1.45
806,2026-03-31,Sede Sur,Medellin,Iluminacion,7.35,17.0,3,Marzo,Martes,False,0.88
